1791396156,civicedge-gateway-1,0.68%,42.44MiB / 12GiB
1791396156,civicedge-core-1,2.08%,40.34MiB / 12GiB
1791396156,civicedge-emulator-1,2.23%,41.55MiB / 12GiB
1791396156,civicedge-broker-1,0.77%,7.73MiB / 12GiB
1791396156,civicedge-city-1,0.21%,38.21MiB / 12GiB
1791396156,civicedge-wan-1,0.29%,37.71MiB / 12GiB
1791396156,civicedge-portal-1,0.07%,36.1MiB / 12GiB
1791396156,civicedge-runner-run-8c3478a7b90f,0.00%,22.18MiB / 12GiB
1791396163,civicedge-runner-run-8c3478a7b90f,0.00%,22.21MiB / 12GiB
1791396163,civicedge-gateway-1,0.52%,42.85MiB / 12GiB
1791396163,civicedge-core-1,2.05%,41.65MiB / 12GiB
1791396163,civicedge-emulator-1,2.28%,41.04MiB / 12GiB
1791396163,civicedge-broker-1,0.78%,8.008MiB / 12GiB
1791396163,civicedge-city-1,0.07%,38.33MiB / 12GiB
1791396163,civicedge-wan-1,0.07%,37.78MiB / 12GiB
1791396163,civicedge-portal-1,0.07%,36.1MiB / 12GiB
1791396169,civicedge-runner-run-8c3478a7b90f,0.00%,22.21MiB / 12GiB
1791396169,civicedge-gateway-1,0.61%,42.69MiB / 12GiB
1791396169,civicedge-core-1,2.36%,42.27MiB / 12GiB
1791396169,civicedge-emulator-1,2.35%,40.83MiB / 12GiB
1791396169,civicedge-broker-1,0.84%,7.758MiB / 12GiB
1791396169,civicedge-city-1,0.07%,38.34MiB / 12GiB
1791396169,civicedge-wan-1,0.09%,37.79MiB / 12GiB
1791396169,civicedge-portal-1,0.08%,36.1MiB / 12GiB
1791396176,civicedge-runner-run-8c3478a7b90f,0.00%,22.26MiB / 12GiB
1791396176,civicedge-gateway-1,16.82%,43.63MiB / 12GiB
1791396176,civicedge-core-1,14.17%,42.57MiB / 12GiB
1791396176,civicedge-emulator-1,2.48%,41.32MiB / 12GiB
1791396176,civicedge-broker-1,0.86%,7.75MiB / 12GiB
1791396176,civicedge-city-1,7.24%,38.47MiB / 12GiB
1791396176,civicedge-wan-1,15.51%,38.28MiB / 12GiB
1791396176,civicedge-portal-1,0.08%,36.1MiB / 12GiB
1791396182,civicedge-runner-run-8c3478a7b90f,0.00%,22.29MiB / 12GiB
1791396182,civicedge-gateway-1,16.98%,43.19MiB / 12GiB
1791396182,civicedge-core-1,13.35%,43.35MiB / 12GiB
1791396182,civicedge-emulator-1,2.50%,40.6MiB / 12GiB
1791396182,civicedge-broker-1,0.90%,7.75MiB / 12GiB
1791396182,civicedge-city-1,7.42%,38.74MiB / 12GiB
1791396182,civicedge-wan-1,15.76%,38.02MiB / 12GiB
1791396182,civicedge-portal-1,0.07%,36.1MiB / 12GiB
1791396188,civicedge-runner-run-8c3478a7b90f,0.00%,22.26MiB / 12GiB
1791396188,civicedge-gateway-1,16.05%,43.65MiB / 12GiB
1791396188,civicedge-core-1,13.13%,44.64MiB / 12GiB
1791396188,civicedge-emulator-1,2.31%,40.6MiB / 12GiB
1791396188,civicedge-broker-1,0.85%,8MiB / 12GiB
1791396188,civicedge-city-1,6.93%,39.02MiB / 12GiB
1791396188,civicedge-wan-1,15.05%,38.52MiB / 12GiB
1791396188,civicedge-portal-1,0.07%,36.1MiB / 12GiB
1791396194,civicedge-runner-run-8c3478a7b90f,0.00%,22.32MiB / 12GiB
1791396194,civicedge-gateway-1,16.98%,43.31MiB / 12GiB
1791396194,civicedge-core-1,13.36%,44.92MiB / 12GiB
1791396194,civicedge-emulator-1,3.37%,40.56MiB / 12GiB
1791396194,civicedge-broker-1,1.23%,7.754MiB / 12GiB
1791396194,civicedge-city-1,7.26%,37.77MiB / 12GiB
1791396194,civicedge-wan-1,15.71%,38.2MiB / 12GiB
1791396194,civicedge-portal-1,0.08%,36.01MiB / 12GiB
1791396201,civicedge-runner-run-8c3478a7b90f,0.00%,22.32MiB / 12GiB
1791396201,civicedge-gateway-1,16.96%,43.29MiB / 12GiB
1791396201,civicedge-core-1,13.22%,46.24MiB / 12GiB
1791396201,civicedge-emulator-1,2.39%,41.29MiB / 12GiB
1791396201,civicedge-broker-1,0.88%,7.996MiB / 12GiB
1791396201,civicedge-city-1,7.50%,37.79MiB / 12GiB
1791396201,civicedge-wan-1,16.66%,38.22MiB / 12GiB
1791396201,civicedge-portal-1,0.07%,36.01MiB / 12GiB
1791396207,civicedge-runner-run-8c3478a7b90f,0.00%,22.32MiB / 12GiB
1791396207,civicedge-gateway-1,16.55%,43.33MiB / 12GiB
1791396207,civicedge-core-1,13.15%,46.79MiB / 12GiB
1791396207,civicedge-emulator-1,2.43%,41.05MiB / 12GiB
1791396207,civicedge-broker-1,0.87%,7.75MiB / 12GiB
1791396207,civicedge-city-1,7.21%,38.16MiB / 12GiB
1791396207,civicedge-wan-1,15.43%,38.48MiB / 12GiB
1791396207,civicedge-portal-1,0.08%,36.01MiB / 12GiB
1791396214,civicedge-runner-run-8c3478a7b90f,0.00%,22.32MiB / 12GiB
1791396214,civicedge-gateway-1,16.78%,43.34MiB / 12GiB
1791396214,civicedge-core-1,13.16%,47.27MiB / 12GiB
1791396214,civicedge-emulator-1,2.48%,41.05MiB / 12GiB
1791396214,civicedge-broker-1,0.92%,8MiB / 12GiB
1791396214,civicedge-city-1,7.40%,37.73MiB / 12GiB
1791396214,civicedge-wan-1,15.66%,38.21MiB / 12GiB
1791396214,civicedge-portal-1,0.07%,35.99MiB / 12GiB
1791396220,civicedge-runner-run-8c3478a7b90f,0.00%,22.32MiB / 12GiB
1791396220,civicedge-gateway-1,17.02%,43.55MiB / 12GiB
1791396220,civicedge-core-1,13.20%,48.38MiB / 12GiB
1791396220,civicedge-emulator-1,2.31%,41.03MiB / 12GiB
1791396220,civicedge-broker-1,0.85%,7.754MiB / 12GiB
1791396220,civicedge-city-1,7.31%,37.89MiB / 12GiB
1791396220,civicedge-wan-1,13.13%,38.71MiB / 12GiB
1791396220,civicedge-portal-1,0.07%,35.98MiB / 12GiB
1791396226,civicedge-runner-run-8c3478a7b90f,0.00%,22.32MiB / 12GiB
1791396226,civicedge-gateway-1,17.52%,43.46MiB / 12GiB
1791396226,civicedge-core-1,13.79%,49.18MiB / 12GiB
1791396226,civicedge-emulator-1,2.40%,40.96MiB / 12GiB
1791396226,civicedge-broker-1,0.88%,8MiB / 12GiB
1791396226,civicedge-city-1,7.61%,38.62MiB / 12GiB
1791396226,civicedge-wan-1,16.24%,38.09MiB / 12GiB
1791396226,civicedge-portal-1,0.07%,35.82MiB / 12GiB
1791396233,civicedge-runner-run-8c3478a7b90f,0.00%,22.32MiB / 12GiB
1791396233,civicedge-gateway-1,16.88%,43.21MiB / 12GiB
1791396233,civicedge-core-1,13.26%,50.22MiB / 12GiB
1791396233,civicedge-emulator-1,2.28%,40.7MiB / 12GiB
1791396233,civicedge-broker-1,0.85%,7.754MiB / 12GiB
1791396233,civicedge-city-1,6.98%,38.4MiB / 12GiB
1791396233,civicedge-wan-1,14.86%,38.09MiB / 12GiB
1791396233,civicedge-portal-1,0.07%,35.81MiB / 12GiB
1791396239,civicedge-runner-run-8c3478a7b90f,0.00%,22.32MiB / 12GiB
1791396239,civicedge-gateway-1,17.13%,42.98MiB / 12GiB
1791396239,civicedge-core-1,13.61%,50.82MiB / 12GiB
1791396239,civicedge-emulator-1,2.45%,40.45MiB / 12GiB
1791396239,civicedge-broker-1,0.88%,8.004MiB / 12GiB
1791396239,civicedge-city-1,7.22%,38.93MiB / 12GiB
1791396239,civicedge-wan-1,15.80%,38.09MiB / 12GiB
1791396239,civicedge-portal-1,0.07%,35.81MiB / 12GiB
1791396246,civicedge-runner-run-8c3478a7b90f,0.00%,22.32MiB / 12GiB
1791396246,civicedge-gateway-1,15.78%,43.21MiB / 12GiB
1791396246,civicedge-core-1,12.89%,51.62MiB / 12GiB
1791396246,civicedge-emulator-1,2.31%,40.68MiB / 12GiB
1791396246,civicedge-broker-1,0.83%,7.746MiB / 12GiB
1791396246,civicedge-city-1,6.97%,39.05MiB / 12GiB
1791396246,civicedge-wan-1,14.73%,38.31MiB / 12GiB
1791396246,civicedge-portal-1,0.07%,35.79MiB / 12GiB
1791396252,civicedge-runner-run-8c3478a7b90f,0.00%,22.32MiB / 12GiB
1791396252,civicedge-gateway-1,17.16%,43.45MiB / 12GiB
1791396252,civicedge-core-1,13.26%,51.92MiB / 12GiB
1791396252,civicedge-emulator-1,2.42%,40.93MiB / 12GiB
1791396252,civicedge-broker-1,0.85%,8MiB / 12GiB
1791396252,civicedge-city-1,7.58%,38.85MiB / 12GiB
1791396252,civicedge-wan-1,15.99%,38.8MiB / 12GiB
1791396252,civicedge-portal-1,0.08%,35.79MiB / 12GiB
1791396259,civicedge-runner-run-8c3478a7b90f,0.00%,22.32MiB / 12GiB
1791396259,civicedge-gateway-1,17.26%,42.97MiB / 12GiB
1791396259,civicedge-core-1,13.54%,53.06MiB / 12GiB
1791396259,civicedge-emulator-1,2.50%,40.92MiB / 12GiB
1791396259,civicedge-broker-1,0.93%,7.996MiB / 12GiB
1791396259,civicedge-city-1,7.66%,38.64MiB / 12GiB
1791396259,civicedge-wan-1,15.82%,38.22MiB / 12GiB
1791396259,civicedge-portal-1,0.07%,35.79MiB / 12GiB
1791396265,civicedge-runner-run-8c3478a7b90f,0.00%,22.32MiB / 12GiB
1791396265,civicedge-gateway-1,16.36%,43.48MiB / 12GiB
1791396265,civicedge-core-1,13.14%,53.74MiB / 12GiB
1791396265,civicedge-emulator-1,2.38%,40.91MiB / 12GiB
1791396265,civicedge-broker-1,0.84%,7.754MiB / 12GiB
1791396265,civicedge-city-1,7.01%,38.91MiB / 12GiB
1791396265,civicedge-wan-1,15.05%,37.85MiB / 12GiB
1791396265,civicedge-portal-1,0.06%,35.79MiB / 12GiB
1791396271,civicedge-runner-run-8c3478a7b90f,0.00%,22.32MiB / 12GiB
1791396271,civicedge-gateway-1,17.18%,43.52MiB / 12GiB
1791396271,civicedge-core-1,13.57%,54.94MiB / 12GiB
1791396271,civicedge-emulator-1,2.38%,40.67MiB / 12GiB
1791396271,civicedge-broker-1,0.86%,7.75MiB / 12GiB
1791396271,civicedge-city-1,7.52%,39.39MiB / 12GiB
1791396271,civicedge-wan-1,17.42%,38.35MiB / 12GiB
1791396271,civicedge-portal-1,0.07%,35.79MiB / 12GiB
1791396277,civicedge-runner-run-8c3478a7b90f,0.00%,22.42MiB / 12GiB
1791396277,civicedge-gateway-1,0.71%,43.21MiB / 12GiB
1791396277,civicedge-core-1,1.95%,55.49MiB / 12GiB
1791396277,civicedge-emulator-1,1.91%,40.93MiB / 12GiB
1791396277,civicedge-broker-1,0.63%,8.086MiB / 12GiB
1791396277,civicedge-city-1,0.32%,38.95MiB / 12GiB
1791396277,civicedge-wan-1,0.46%,38.11MiB / 12GiB
1791396277,civicedge-portal-1,0.07%,35.79MiB / 12GiB
1791396283,civicedge-runner-run-8c3478a7b90f,0.00%,22.49MiB / 12GiB
1791396283,civicedge-gateway-1,0.71%,43.23MiB / 12GiB
1791396283,civicedge-core-1,2.12%,56.01MiB / 12GiB
1791396283,civicedge-emulator-1,2.28%,40.92MiB / 12GiB
1791396283,civicedge-broker-1,0.76%,7.785MiB / 12GiB
1791396283,civicedge-city-1,0.22%,38.98MiB / 12GiB
1791396283,civicedge-wan-1,0.31%,38.09MiB / 12GiB
1791396283,civicedge-portal-1,0.08%,35.77MiB / 12GiB
1791396290,civicedge-runner-run-8c3478a7b90f,0.00%,22.5MiB / 12GiB
1791396290,civicedge-gateway-1,0.51%,43.54MiB / 12GiB
1791396290,civicedge-core-1,2.05%,56.84MiB / 12GiB
1791396290,civicedge-emulator-1,2.29%,41.16MiB / 12GiB
1791396290,civicedge-broker-1,0.73%,7.977MiB / 12GiB
1791396290,civicedge-city-1,0.08%,38.97MiB / 12GiB
1791396290,civicedge-wan-1,0.07%,38.09MiB / 12GiB
1791396290,civicedge-portal-1,0.07%,35.77MiB / 12GiB
1791396296,civicedge-runner-run-8c3478a7b90f,0.00%,22.5MiB / 12GiB
1791396296,civicedge-gateway-1,0.50%,43.35MiB / 12GiB
1791396296,civicedge-core-1,1.92%,57.86MiB / 12GiB
1791396296,civicedge-emulator-1,2.05%,40.94MiB / 12GiB
1791396296,civicedge-broker-1,0.71%,8MiB / 12GiB
1791396296,civicedge-city-1,0.08%,38.97MiB / 12GiB
1791396296,civicedge-wan-1,0.07%,38.09MiB / 12GiB
1791396296,civicedge-portal-1,0.07%,35.77MiB / 12GiB
1791396302,civicedge-runner-run-8c3478a7b90f,0.00%,22.5MiB / 12GiB
1791396302,civicedge-gateway-1,0.55%,42.95MiB / 12GiB
1791396302,civicedge-core-1,2.24%,58.27MiB / 12GiB
1791396302,civicedge-emulator-1,2.37%,40.18MiB / 12GiB
1791396302,civicedge-broker-1,0.82%,7.812MiB / 12GiB
1791396302,civicedge-city-1,0.08%,38.66MiB / 12GiB
1791396302,civicedge-wan-1,0.08%,37.64MiB / 12GiB
1791396302,civicedge-portal-1,0.08%,35.25MiB / 12GiB
1791396308,civicedge-runner-run-8c3478a7b90f,0.00%,22.5MiB / 12GiB
1791396308,civicedge-gateway-1,0.59%,43.24MiB / 12GiB
1791396308,civicedge-core-1,2.05%,59.35MiB / 12GiB
1791396308,civicedge-emulator-1,2.18%,40.88MiB / 12GiB
1791396308,civicedge-broker-1,0.77%,7.988MiB / 12GiB
1791396308,civicedge-city-1,0.07%,38.68MiB / 12GiB
1791396308,civicedge-wan-1,0.13%,37.9MiB / 12GiB
1791396308,civicedge-portal-1,0.07%,35.28MiB / 12GiB
1791396314,civicedge-runner-run-8c3478a7b90f,0.00%,22.5MiB / 12GiB
1791396314,civicedge-gateway-1,0.55%,43.05MiB / 12GiB
1791396314,civicedge-core-1,1.91%,60.23MiB / 12GiB
1791396314,civicedge-emulator-1,2.11%,40.39MiB / 12GiB
1791396314,civicedge-broker-1,0.75%,8.227MiB / 12GiB
1791396314,civicedge-city-1,0.21%,38.93MiB / 12GiB
1791396314,civicedge-wan-1,0.28%,37.66MiB / 12GiB
1791396314,civicedge-portal-1,0.07%,35.28MiB / 12GiB
1791396321,civicedge-runner-run-8c3478a7b90f,0.00%,22.5MiB / 12GiB
1791396321,civicedge-gateway-1,0.54%,43.11MiB / 12GiB
1791396321,civicedge-core-1,2.21%,60.97MiB / 12GiB
1791396321,civicedge-emulator-1,2.18%,40.91MiB / 12GiB
1791396321,civicedge-broker-1,0.79%,8.031MiB / 12GiB
1791396321,civicedge-city-1,0.09%,38.68MiB / 12GiB
1791396321,civicedge-wan-1,0.08%,37.66MiB / 12GiB
1791396321,civicedge-portal-1,0.08%,35.28MiB / 12GiB
1791396327,civicedge-runner-run-8c3478a7b90f,0.00%,22.5MiB / 12GiB
1791396327,civicedge-gateway-1,0.65%,43.15MiB / 12GiB
1791396327,civicedge-core-1,1.82%,61.7MiB / 12GiB
1791396327,civicedge-emulator-1,1.91%,40.65MiB / 12GiB
1791396327,civicedge-broker-1,0.64%,7.996MiB / 12GiB
1791396327,civicedge-city-1,0.20%,38.68MiB / 12GiB
1791396327,civicedge-wan-1,0.29%,37.66MiB / 12GiB
1791396327,civicedge-portal-1,0.07%,35.28MiB / 12GiB
1791396333,civicedge-runner-run-8c3478a7b90f,0.00%,22.5MiB / 12GiB
1791396333,civicedge-gateway-1,0.54%,43.27MiB / 12GiB
1791396333,civicedge-core-1,2.22%,62.69MiB / 12GiB
1791396333,civicedge-emulator-1,2.46%,40.92MiB / 12GiB
1791396333,civicedge-broker-1,0.73%,7.555MiB / 12GiB
1791396333,civicedge-city-1,0.09%,38.68MiB / 12GiB
1791396333,civicedge-wan-1,0.07%,37.66MiB / 12GiB
1791396333,civicedge-portal-1,0.08%,35.28MiB / 12GiB
1791396340,civicedge-runner-run-8c3478a7b90f,0.00%,22.5MiB / 12GiB
1791396340,civicedge-gateway-1,0.62%,43.32MiB / 12GiB
1791396340,civicedge-core-1,1.88%,63.45MiB / 12GiB
1791396340,civicedge-emulator-1,1.91%,40.92MiB / 12GiB
1791396340,civicedge-broker-1,0.70%,8.023MiB / 12GiB
1791396340,civicedge-city-1,0.20%,38.69MiB / 12GiB
1791396340,civicedge-wan-1,0.25%,37.66MiB / 12GiB
1791396340,civicedge-portal-1,0.07%,35.28MiB / 12GiB
1791396346,civicedge-runner-run-8c3478a7b90f,0.00%,22.5MiB / 12GiB
1791396346,civicedge-gateway-1,0.68%,43.62MiB / 12GiB
1791396346,civicedge-core-1,2.12%,64.04MiB / 12GiB
1791396346,civicedge-emulator-1,2.13%,40.91MiB / 12GiB
1791396346,civicedge-broker-1,0.74%,7.75MiB / 12GiB
1791396346,civicedge-city-1,0.18%,38.69MiB / 12GiB
1791396346,civicedge-wan-1,0.29%,37.66MiB / 12GiB
1791396346,civicedge-portal-1,0.07%,35.28MiB / 12GiB
1791396352,civicedge-runner-run-8c3478a7b90f,0.00%,22.5MiB / 12GiB
1791396352,civicedge-gateway-1,0.65%,43.43MiB / 12GiB
1791396352,civicedge-core-1,2.06%,64.89MiB / 12GiB
1791396352,civicedge-emulator-1,2.01%,40.89MiB / 12GiB
1791396352,civicedge-broker-1,0.72%,7.73MiB / 12GiB
1791396352,civicedge-city-1,0.19%,38.93MiB / 12GiB
1791396352,civicedge-wan-1,0.29%,37.91MiB / 12GiB
1791396352,civicedge-portal-1,0.07%,35.28MiB / 12GiB
1791396359,civicedge-runner-run-8c3478a7b90f,0.00%,22.5MiB / 12GiB
1791396359,civicedge-gateway-1,0.99%,43.5MiB / 12GiB
1791396359,civicedge-core-1,2.41%,66.08MiB / 12GiB
1791396359,civicedge-emulator-1,2.29%,40.65MiB / 12GiB
1791396359,civicedge-broker-1,0.73%,7.816MiB / 12GiB
1791396359,civicedge-city-1,0.08%,38.69MiB / 12GiB
1791396359,civicedge-wan-1,0.46%,37.66MiB / 12GiB
1791396359,civicedge-portal-1,0.07%,35.28MiB / 12GiB
1791396365,civicedge-runner-run-8c3478a7b90f,0.00%,22.5MiB / 12GiB
1791396365,civicedge-gateway-1,0.54%,43.58MiB / 12GiB
1791396365,civicedge-core-1,2.12%,66.49MiB / 12GiB
1791396365,civicedge-emulator-1,2.34%,40.49MiB / 12GiB
1791396365,civicedge-broker-1,0.79%,7.754MiB / 12GiB
1791396365,civicedge-city-1,0.07%,38.7MiB / 12GiB
1791396365,civicedge-wan-1,0.07%,37.66MiB / 12GiB
1791396365,civicedge-portal-1,0.08%,35.28MiB / 12GiB
1791396371,civicedge-runner-run-8c3478a7b90f,0.00%,22.5MiB / 12GiB
1791396371,civicedge-gateway-1,0.61%,43.63MiB / 12GiB
1791396371,civicedge-core-1,1.91%,67.42MiB / 12GiB
1791396371,civicedge-emulator-1,2.02%,40.41MiB / 12GiB
1791396371,civicedge-broker-1,0.67%,7.527MiB / 12GiB
1791396371,civicedge-city-1,0.07%,38.7MiB / 12GiB
1791396371,civicedge-wan-1,0.08%,37.66MiB / 12GiB
1791396371,civicedge-portal-1,0.08%,35.28MiB / 12GiB
1791396378,civicedge-runner-run-8c3478a7b90f,0.00%,22.52MiB / 12GiB
1791396378,civicedge-gateway-1,6.53%,44.21MiB / 12GiB
1791396378,civicedge-core-1,5.22%,68.27MiB / 12GiB
1791396378,civicedge-emulator-1,2.48%,40.67MiB / 12GiB
1791396378,civicedge-broker-1,0.90%,7.754MiB / 12GiB
1791396378,civicedge-city-1,3.75%,38.73MiB / 12GiB
1791396378,civicedge-wan-1,7.96%,38.19MiB / 12GiB
1791396378,civicedge-portal-1,0.08%,35.28MiB / 12GiB
1791396384,civicedge-runner-run-8c3478a7b90f,0.00%,22.78MiB / 12GiB
1791396384,civicedge-gateway-1,6.48%,43.8MiB / 12GiB
1791396384,civicedge-core-1,5.00%,68.8MiB / 12GiB
1791396384,civicedge-emulator-1,2.40%,40.9MiB / 12GiB
1791396384,civicedge-broker-1,0.85%,7.734MiB / 12GiB
1791396384,civicedge-city-1,3.73%,38.81MiB / 12GiB
1791396384,civicedge-wan-1,7.93%,37.96MiB / 12GiB
1791396384,civicedge-portal-1,0.07%,35.28MiB / 12GiB
1791396390,civicedge-runner-run-8c3478a7b90f,0.00%,22.77MiB / 12GiB
1791396390,civicedge-gateway-1,6.03%,44.6MiB / 12GiB
1791396390,civicedge-core-1,4.89%,70.06MiB / 12GiB
1791396390,civicedge-emulator-1,2.12%,40.41MiB / 12GiB
1791396390,civicedge-broker-1,0.78%,7.98MiB / 12GiB
1791396390,civicedge-city-1,3.61%,39.1MiB / 12GiB
1791396390,civicedge-wan-1,7.93%,38.22MiB / 12GiB
1791396390,civicedge-portal-1,0.08%,35.28MiB / 12GiB
1791396396,civicedge-runner-run-8c3478a7b90f,0.00%,22.79MiB / 12GiB
1791396396,civicedge-gateway-1,6.35%,44.36MiB / 12GiB
1791396396,civicedge-core-1,4.93%,70.64MiB / 12GiB
1791396396,civicedge-emulator-1,2.23%,40.67MiB / 12GiB
1791396396,civicedge-broker-1,0.83%,7.512MiB / 12GiB
1791396396,civicedge-city-1,3.70%,39.17MiB / 12GiB
1791396396,civicedge-wan-1,7.97%,37.99MiB / 12GiB
1791396396,civicedge-portal-1,0.07%,35.28MiB / 12GiB
1791396402,civicedge-runner-run-8c3478a7b90f,0.00%,22.79MiB / 12GiB
1791396402,civicedge-gateway-1,6.21%,43.89MiB / 12GiB
1791396402,civicedge-core-1,4.91%,71.46MiB / 12GiB
1791396402,civicedge-emulator-1,2.20%,40.66MiB / 12GiB
1791396402,civicedge-broker-1,0.76%,7.773MiB / 12GiB
1791396402,civicedge-city-1,3.60%,39.48MiB / 12GiB
1791396402,civicedge-wan-1,7.69%,38.02MiB / 12GiB
1791396402,civicedge-portal-1,0.08%,35.28MiB / 12GiB
1791396409,civicedge-runner-run-8c3478a7b90f,0.00%,22.79MiB / 12GiB
1791396409,civicedge-gateway-1,7.45%,44.41MiB / 12GiB
1791396409,civicedge-core-1,6.26%,71.82MiB / 12GiB
1791396409,civicedge-emulator-1,2.63%,40.67MiB / 12GiB
1791396409,civicedge-broker-1,0.92%,7.754MiB / 12GiB
1791396409,civicedge-city-1,4.00%,39.07MiB / 12GiB
1791396409,civicedge-wan-1,8.53%,38.04MiB / 12GiB
1791396409,civicedge-portal-1,0.07%,35.28MiB / 12GiB
1791396415,civicedge-runner-run-8c3478a7b90f,0.00%,22.79MiB / 12GiB
1791396415,civicedge-gateway-1,6.76%,44.43MiB / 12GiB
1791396415,civicedge-core-1,5.46%,73.07MiB / 12GiB
1791396415,civicedge-emulator-1,2.53%,40.42MiB / 12GiB
1791396415,civicedge-broker-1,0.89%,7.504MiB / 12GiB
1791396415,civicedge-city-1,4.08%,39.34MiB / 12GiB
1791396415,civicedge-wan-1,8.38%,37.8MiB / 12GiB
1791396415,civicedge-portal-1,0.08%,35.28MiB / 12GiB
1791396422,civicedge-runner-run-8c3478a7b90f,0.00%,22.79MiB / 12GiB
1791396422,civicedge-gateway-1,5.81%,44.18MiB / 12GiB
1791396422,civicedge-core-1,4.83%,73.41MiB / 12GiB
1791396422,civicedge-emulator-1,2.26%,40.91MiB / 12GiB
1791396422,civicedge-broker-1,0.80%,7.988MiB / 12GiB
1791396422,civicedge-city-1,3.66%,40.15MiB / 12GiB
1791396422,civicedge-wan-1,7.89%,38.07MiB / 12GiB
1791396422,civicedge-portal-1,0.08%,35.28MiB / 12GiB
1791396427,civicedge-runner-run-8c3478a7b90f,0.00%,22.79MiB / 12GiB
1791396427,civicedge-gateway-1,6.42%,43.96MiB / 12GiB
1791396427,civicedge-core-1,5.15%,74.16MiB / 12GiB
1791396427,civicedge-emulator-1,2.34%,40.43MiB / 12GiB
1791396427,civicedge-broker-1,0.83%,7.504MiB / 12GiB
1791396427,civicedge-city-1,3.79%,39.26MiB / 12GiB
1791396427,civicedge-wan-1,8.18%,38.32MiB / 12GiB
1791396427,civicedge-portal-1,0.07%,35.28MiB / 12GiB
1791396433,civicedge-runner-run-8c3478a7b90f,0.00%,22.79MiB / 12GiB
1791396433,civicedge-gateway-1,6.45%,44.25MiB / 12GiB
1791396433,civicedge-core-1,5.23%,75.14MiB / 12GiB
1791396433,civicedge-emulator-1,2.28%,40.68MiB / 12GiB
1791396433,civicedge-broker-1,0.81%,7.75MiB / 12GiB
1791396433,civicedge-city-1,3.41%,39.51MiB / 12GiB
1791396433,civicedge-wan-1,7.57%,38.35MiB / 12GiB
1791396433,civicedge-portal-1,0.07%,35.28MiB / 12GiB
1791396440,civicedge-runner-run-8c3478a7b90f,0.00%,22.79MiB / 12GiB
1791396440,civicedge-gateway-1,6.37%,44.24MiB / 12GiB
1791396440,civicedge-core-1,5.50%,75.95MiB / 12GiB
1791396440,civicedge-emulator-1,2.54%,40.67MiB / 12GiB
1791396440,civicedge-broker-1,0.87%,7.754MiB / 12GiB
1791396440,civicedge-city-1,3.92%,39.62MiB / 12GiB
1791396440,civicedge-wan-1,8.03%,38.36MiB / 12GiB
1791396440,civicedge-portal-1,0.07%,35.28MiB / 12GiB
1791396446,civicedge-runner-run-8c3478a7b90f,0.00%,22.79MiB / 12GiB
1791396446,civicedge-gateway-1,6.48%,44.02MiB / 12GiB
1791396446,civicedge-core-1,5.25%,76.69MiB / 12GiB
1791396446,civicedge-emulator-1,2.39%,40.42MiB / 12GiB
1791396446,civicedge-broker-1,0.85%,7.523MiB / 12GiB
1791396446,civicedge-city-1,3.83%,40.18MiB / 12GiB
1791396446,civicedge-wan-1,7.70%,38.4MiB / 12GiB
1791396446,civicedge-portal-1,0.07%,35.28MiB / 12GiB
1791396452,civicedge-runner-run-8c3478a7b90f,0.00%,22.79MiB / 12GiB
1791396452,civicedge-gateway-1,6.17%,44.02MiB / 12GiB
1791396452,civicedge-core-1,5.07%,77.64MiB / 12GiB
1791396452,civicedge-emulator-1,2.44%,40.66MiB / 12GiB
1791396452,civicedge-broker-1,0.89%,7.996MiB / 12GiB
1791396452,civicedge-city-1,3.76%,39.75MiB / 12GiB
1791396452,civicedge-wan-1,7.97%,38.17MiB / 12GiB
1791396452,civicedge-portal-1,0.07%,35.28MiB / 12GiB
1791396458,civicedge-runner-run-8c3478a7b90f,0.00%,22.79MiB / 12GiB
1791396458,civicedge-gateway-1,6.48%,44.27MiB / 12GiB
1791396458,civicedge-core-1,5.33%,78.16MiB / 12GiB
1791396458,civicedge-emulator-1,2.25%,40.67MiB / 12GiB
1791396458,civicedge-broker-1,0.82%,7.758MiB / 12GiB
1791396458,civicedge-city-1,3.62%,39.55MiB / 12GiB
1791396458,civicedge-wan-1,7.52%,37.95MiB / 12GiB
1791396458,civicedge-portal-1,0.07%,35.28MiB / 12GiB
1791396464,civicedge-runner-run-8c3478a7b90f,0.00%,22.79MiB / 12GiB
1791396464,civicedge-gateway-1,6.33%,44.54MiB / 12GiB
1791396464,civicedge-core-1,5.15%,79.11MiB / 12GiB
1791396464,civicedge-emulator-1,2.36%,40.68MiB / 12GiB
1791396464,civicedge-broker-1,0.82%,8.461MiB / 12GiB
1791396464,civicedge-city-1,3.73%,40.33MiB / 12GiB
1791396464,civicedge-wan-1,8.13%,38.45MiB / 12GiB
1791396464,civicedge-portal-1,0.07%,35.28MiB / 12GiB
1791396471,civicedge-runner-run-8c3478a7b90f,0.00%,22.79MiB / 12GiB
1791396471,civicedge-gateway-1,6.02%,44.54MiB / 12GiB
1791396471,civicedge-core-1,4.78%,79.93MiB / 12GiB
1791396471,civicedge-emulator-1,2.28%,41.18MiB / 12GiB
1791396471,civicedge-broker-1,0.80%,8.004MiB / 12GiB
1791396471,civicedge-city-1,3.69%,39.71MiB / 12GiB
1791396471,civicedge-wan-1,7.76%,38MiB / 12GiB
1791396471,civicedge-portal-1,0.08%,35.28MiB / 12GiB
1791396477,civicedge-runner-run-8c3478a7b90f,0.00%,22.79MiB / 12GiB
1791396477,civicedge-gateway-1,6.35%,44.31MiB / 12GiB
1791396477,civicedge-core-1,5.08%,80.69MiB / 12GiB
1791396477,civicedge-emulator-1,2.31%,40.91MiB / 12GiB
1791396477,civicedge-broker-1,0.85%,8.004MiB / 12GiB
1791396477,civicedge-city-1,3.85%,40MiB / 12GiB
1791396477,civicedge-wan-1,7.86%,38.02MiB / 12GiB
1791396477,civicedge-portal-1,0.08%,35.28MiB / 12GiB
1791396483,civicedge-runner-run-8c3478a7b90f,0.00%,22.77MiB / 12GiB
1791396483,civicedge-gateway-1,0.62%,44.11MiB / 12GiB
1791396483,civicedge-core-1,1.85%,81.35MiB / 12GiB
1791396483,civicedge-emulator-1,1.91%,40.71MiB / 12GiB
1791396483,civicedge-broker-1,0.67%,7.754MiB / 12GiB
1791396483,civicedge-city-1,0.19%,39.79MiB / 12GiB
1791396483,civicedge-wan-1,0.26%,38.27MiB / 12GiB
1791396483,civicedge-portal-1,0.07%,35.28MiB / 12GiB
1791396490,civicedge-runner-run-8c3478a7b90f,0.00%,22.97MiB / 12GiB
1791396490,civicedge-gateway-1,0.58%,44.14MiB / 12GiB
1791396490,civicedge-core-1,2.20%,81.95MiB / 12GiB
1791396490,civicedge-emulator-1,1.91%,40.91MiB / 12GiB
1791396490,civicedge-broker-1,0.82%,7.852MiB / 12GiB
1791396490,civicedge-city-1,0.08%,39.79MiB / 12GiB
1791396490,civicedge-wan-1,0.07%,38MiB / 12GiB
1791396490,civicedge-portal-1,0.06%,35.28MiB / 12GiB
1791396496,civicedge-runner-run-8c3478a7b90f,0.00%,22.98MiB / 12GiB
1791396496,civicedge-gateway-1,0.72%,44.43MiB / 12GiB
1791396496,civicedge-core-1,2.16%,82.87MiB / 12GiB
1791396496,civicedge-emulator-1,2.60%,40.45MiB / 12GiB
1791396496,civicedge-broker-1,0.89%,7.684MiB / 12GiB
1791396496,civicedge-city-1,0.20%,39.79MiB / 12GiB
1791396496,civicedge-wan-1,0.30%,38MiB / 12GiB
1791396496,civicedge-portal-1,0.08%,35.28MiB / 12GiB
1791396502,civicedge-runner-run-8c3478a7b90f,0.00%,22.98MiB / 12GiB
1791396502,civicedge-gateway-1,0.69%,44.49MiB / 12GiB
1791396502,civicedge-core-1,1.94%,83.74MiB / 12GiB
1791396502,civicedge-emulator-1,2.05%,40.2MiB / 12GiB
1791396502,civicedge-broker-1,0.73%,8MiB / 12GiB
1791396502,civicedge-city-1,0.18%,39.79MiB / 12GiB
1791396502,civicedge-wan-1,0.27%,38.25MiB / 12GiB
1791396502,civicedge-portal-1,0.08%,35.28MiB / 12GiB
1791396509,civicedge-runner-run-8c3478a7b90f,0.00%,22.98MiB / 12GiB
1791396509,civicedge-gateway-1,0.60%,44.53MiB / 12GiB
1791396509,civicedge-core-1,2.02%,84.31MiB / 12GiB
1791396509,civicedge-emulator-1,2.26%,40.93MiB / 12GiB
1791396509,civicedge-broker-1,0.77%,8MiB / 12GiB
1791396509,civicedge-city-1,0.08%,39.79MiB / 12GiB
1791396509,civicedge-wan-1,0.09%,38.01MiB / 12GiB
1791396509,civicedge-portal-1,0.07%,35.28MiB / 12GiB
1791396515,civicedge-runner-run-8c3478a7b90f,0.00%,22.98MiB / 12GiB
1791396515,civicedge-gateway-1,0.54%,44.83MiB / 12GiB
1791396515,civicedge-core-1,2.02%,85.04MiB / 12GiB
1791396515,civicedge-emulator-1,2.04%,40.67MiB / 12GiB
1791396515,civicedge-broker-1,0.68%,7.891MiB / 12GiB
1791396515,civicedge-city-1,0.08%,39.79MiB / 12GiB
1791396515,civicedge-wan-1,0.08%,38.02MiB / 12GiB
1791396515,civicedge-portal-1,0.08%,35.28MiB / 12GiB
1791396521,civicedge-runner-run-8c3478a7b90f,0.00%,22.98MiB / 12GiB
1791396521,civicedge-gateway-1,0.52%,44.39MiB / 12GiB
1791396521,civicedge-core-1,2.10%,85.89MiB / 12GiB
1791396521,civicedge-emulator-1,2.28%,40.68MiB / 12GiB
1791396521,civicedge-broker-1,0.76%,7.973MiB / 12GiB
1791396521,civicedge-city-1,0.08%,39.79MiB / 12GiB
1791396521,civicedge-wan-1,0.07%,38.02MiB / 12GiB
1791396521,civicedge-portal-1,0.08%,35.28MiB / 12GiB
1791396528,civicedge-runner-run-8c3478a7b90f,0.00%,22.98MiB / 12GiB
1791396528,civicedge-gateway-1,0.52%,44.46MiB / 12GiB
1791396528,civicedge-core-1,1.99%,86.47MiB / 12GiB
1791396528,civicedge-emulator-1,2.08%,40.94MiB / 12GiB
1791396528,civicedge-broker-1,0.72%,8.301MiB / 12GiB
1791396528,civicedge-city-1,0.07%,39.79MiB / 12GiB
1791396528,civicedge-wan-1,0.07%,38.02MiB / 12GiB
1791396528,civicedge-portal-1,0.07%,35.28MiB / 12GiB
1791396534,civicedge-runner-run-8c3478a7b90f,0.00%,22.98MiB / 12GiB
1791396534,civicedge-gateway-1,0.74%,44.75MiB / 12GiB
1791396534,civicedge-core-1,2.07%,87.5MiB / 12GiB
1791396534,civicedge-emulator-1,2.10%,40.91MiB / 12GiB
1791396534,civicedge-broker-1,0.71%,8.012MiB / 12GiB
1791396534,civicedge-city-1,0.20%,39.79MiB / 12GiB
1791396534,civicedge-wan-1,0.29%,38.27MiB / 12GiB
1791396534,civicedge-portal-1,0.08%,35.28MiB / 12GiB
1791396540,civicedge-runner-run-8c3478a7b90f,0.00%,22.98MiB / 12GiB
1791396540,civicedge-gateway-1,0.75%,44.59MiB / 12GiB
1791396540,civicedge-core-1,2.24%,88.6MiB / 12GiB
1791396540,civicedge-emulator-1,2.47%,40.7MiB / 12GiB
1791396540,civicedge-broker-1,0.85%,7.996MiB / 12GiB
1791396540,civicedge-city-1,0.22%,39.79MiB / 12GiB
1791396540,civicedge-wan-1,0.30%,38.03MiB / 12GiB
1791396540,civicedge-portal-1,0.07%,35.28MiB / 12GiB
1791396546,civicedge-runner-run-8c3478a7b90f,0.00%,22.98MiB / 12GiB
1791396546,civicedge-gateway-1,0.55%,44.88MiB / 12GiB
1791396546,civicedge-core-1,2.07%,89.21MiB / 12GiB
1791396546,civicedge-emulator-1,2.24%,40.66MiB / 12GiB
1791396546,civicedge-broker-1,0.75%,7.512MiB / 12GiB
1791396546,civicedge-city-1,0.07%,39.79MiB / 12GiB
1791396546,civicedge-wan-1,0.07%,38.03MiB / 12GiB
1791396546,civicedge-portal-1,0.08%,35.28MiB / 12GiB
1791396552,civicedge-runner-run-8c3478a7b90f,0.00%,22.98MiB / 12GiB
1791396552,civicedge-gateway-1,0.75%,44.7MiB / 12GiB
1791396552,civicedge-core-1,2.06%,89.64MiB / 12GiB
1791396552,civicedge-emulator-1,2.04%,40.43MiB / 12GiB
1791396552,civicedge-broker-1,0.70%,8MiB / 12GiB
1791396552,civicedge-city-1,0.30%,39.79MiB / 12GiB
1791396552,civicedge-wan-1,0.46%,38.03MiB / 12GiB
1791396552,civicedge-portal-1,0.07%,35.28MiB / 12GiB
1791396559,civicedge-runner-run-8c3478a7b90f,0.00%,22.98MiB / 12GiB
1791396559,civicedge-gateway-1,0.68%,44.74MiB / 12GiB
1791396559,civicedge-core-1,2.07%,90.46MiB / 12GiB
1791396559,civicedge-emulator-1,2.55%,40.91MiB / 12GiB
1791396559,civicedge-broker-1,0.89%,7.742MiB / 12GiB
1791396559,civicedge-city-1,0.06%,39.79MiB / 12GiB
1791396559,civicedge-wan-1,0.30%,38.03MiB / 12GiB
1791396559,civicedge-portal-1,0.07%,35.28MiB / 12GiB
1791396565,civicedge-runner-run-8c3478a7b90f,0.00%,22.98MiB / 12GiB
1791396565,civicedge-gateway-1,0.73%,44.8MiB / 12GiB
1791396565,civicedge-core-1,2.01%,91.29MiB / 12GiB
1791396565,civicedge-emulator-1,2.14%,40.7MiB / 12GiB
1791396565,civicedge-broker-1,0.72%,8.219MiB / 12GiB
1791396565,civicedge-city-1,0.19%,39.79MiB / 12GiB
1791396565,civicedge-wan-1,0.27%,38.04MiB / 12GiB
1791396565,civicedge-portal-1,0.08%,35.28MiB / 12GiB
1791396571,civicedge-runner-run-8c3478a7b90f,0.00%,22.98MiB / 12GiB
1791396571,civicedge-gateway-1,0.57%,44.86MiB / 12GiB
1791396571,civicedge-core-1,1.96%,91.69MiB / 12GiB
1791396571,civicedge-emulator-1,2.17%,40.46MiB / 12GiB
1791396571,civicedge-broker-1,0.73%,8.188MiB / 12GiB
1791396571,civicedge-city-1,0.07%,39.79MiB / 12GiB
1791396571,civicedge-wan-1,0.10%,38.03MiB / 12GiB
1791396571,civicedge-portal-1,0.07%,35.28MiB / 12GiB
1791396577,civicedge-runner-run-8c3478a7b90f,0.00%,22.98MiB / 12GiB
1791396577,civicedge-gateway-1,0.62%,45.41MiB / 12GiB
1791396577,civicedge-core-1,1.95%,92.62MiB / 12GiB
1791396577,civicedge-emulator-1,2.14%,40.91MiB / 12GiB
1791396577,civicedge-broker-1,0.73%,7.754MiB / 12GiB
1791396577,civicedge-city-1,0.18%,40.04MiB / 12GiB
1791396577,civicedge-wan-1,0.27%,38.03MiB / 12GiB
1791396577,civicedge-portal-1,0.07%,35.28MiB / 12GiB
1791396583,civicedge-runner-run-8c3478a7b90f,0.00%,22.97MiB / 12GiB
1791396583,civicedge-gateway-1,2.52%,44.99MiB / 12GiB
1791396583,civicedge-core-1,2.99%,93.52MiB / 12GiB
1791396583,civicedge-emulator-1,2.19%,40.93MiB / 12GiB
1791396583,civicedge-broker-1,0.78%,7.996MiB / 12GiB
1791396583,civicedge-city-1,1.36%,40.05MiB / 12GiB
1791396583,civicedge-wan-1,3.17%,38.05MiB / 12GiB
1791396583,civicedge-portal-1,0.09%,35.28MiB / 12GiB
1791396590,civicedge-runner-run-8c3478a7b90f,0.00%,22.98MiB / 12GiB
1791396590,civicedge-gateway-1,2.73%,45.24MiB / 12GiB
1791396590,civicedge-core-1,3.05%,94.56MiB / 12GiB
1791396590,civicedge-emulator-1,2.31%,40.45MiB / 12GiB
1791396590,civicedge-broker-1,0.81%,7.801MiB / 12GiB
1791396590,civicedge-city-1,1.43%,39.89MiB / 12GiB
1791396590,civicedge-wan-1,3.14%,38.55MiB / 12GiB
1791396590,civicedge-portal-1,0.07%,35.28MiB / 12GiB
1791396596,civicedge-runner-run-8c3478a7b90f,0.00%,23.09MiB / 12GiB
1791396596,civicedge-gateway-1,2.68%,45.54MiB / 12GiB
1791396596,civicedge-core-1,3.03%,94.89MiB / 12GiB
1791396596,civicedge-emulator-1,2.35%,40.94MiB / 12GiB
1791396596,civicedge-broker-1,0.81%,7.758MiB / 12GiB
1791396596,civicedge-city-1,1.53%,40.45MiB / 12GiB
1791396596,civicedge-wan-1,3.10%,38.57MiB / 12GiB
1791396596,civicedge-portal-1,0.07%,35.28MiB / 12GiB
1791396602,civicedge-runner-run-8c3478a7b90f,0.00%,23.1MiB / 12GiB
1791396602,civicedge-gateway-1,2.63%,44.77MiB / 12GiB
1791396602,civicedge-core-1,3.15%,94.93MiB / 12GiB
1791396602,civicedge-emulator-1,2.42%,40.28MiB / 12GiB
1791396602,civicedge-broker-1,0.85%,8.574MiB / 12GiB
1791396602,civicedge-city-1,1.57%,39.96MiB / 12GiB
1791396602,civicedge-wan-1,3.05%,38.11MiB / 12GiB
1791396602,civicedge-portal-1,0.07%,35MiB / 12GiB
1791396608,civicedge-runner-run-8c3478a7b90f,0.00%,23.1MiB / 12GiB
1791396608,civicedge-gateway-1,2.37%,44.98MiB / 12GiB
1791396608,civicedge-core-1,2.93%,96MiB / 12GiB
1791396608,civicedge-emulator-1,2.11%,40.29MiB / 12GiB
1791396608,civicedge-broker-1,0.74%,8.48MiB / 12GiB
1791396608,civicedge-city-1,1.41%,40.01MiB / 12GiB
1791396608,civicedge-wan-1,2.86%,38.15MiB / 12GiB
1791396608,civicedge-portal-1,0.07%,35MiB / 12GiB
1791396615,civicedge-runner-run-8c3478a7b90f,0.00%,23.1MiB / 12GiB
1791396615,civicedge-gateway-1,2.79%,45.06MiB / 12GiB
1791396615,civicedge-core-1,3.05%,96.75MiB / 12GiB
1791396615,civicedge-emulator-1,2.29%,40.56MiB / 12GiB
1791396615,civicedge-broker-1,0.78%,8.301MiB / 12GiB
1791396615,civicedge-city-1,1.57%,40.33MiB / 12GiB
1791396615,civicedge-wan-1,2.83%,38.14MiB / 12GiB
1791396615,civicedge-portal-1,0.07%,35MiB / 12GiB
1791396621,civicedge-runner-run-8c3478a7b90f,0.00%,23.1MiB / 12GiB
1791396621,civicedge-gateway-1,2.78%,44.82MiB / 12GiB
1791396621,civicedge-core-1,2.97%,97.39MiB / 12GiB
1791396621,civicedge-emulator-1,2.42%,40.52MiB / 12GiB
1791396621,civicedge-broker-1,0.82%,8.102MiB / 12GiB
1791396621,civicedge-city-1,1.40%,40.14MiB / 12GiB
1791396621,civicedge-wan-1,2.94%,37.91MiB / 12GiB
1791396621,civicedge-portal-1,0.07%,35MiB / 12GiB
1791396627,civicedge-runner-run-8c3478a7b90f,0.00%,23.1MiB / 12GiB
1791396627,civicedge-gateway-1,2.63%,45.08MiB / 12GiB
1791396627,civicedge-core-1,3.02%,98.31MiB / 12GiB
1791396627,civicedge-emulator-1,2.36%,40.56MiB / 12GiB
1791396627,civicedge-broker-1,0.81%,8.348MiB / 12GiB
1791396627,civicedge-city-1,1.53%,39.96MiB / 12GiB
1791396627,civicedge-wan-1,3.06%,37.91MiB / 12GiB
1791396627,civicedge-portal-1,0.08%,35MiB / 12GiB
1791396634,civicedge-runner-run-8c3478a7b90f,0.00%,23.1MiB / 12GiB
1791396634,civicedge-gateway-1,2.67%,45.09MiB / 12GiB
1791396634,civicedge-core-1,2.90%,98.77MiB / 12GiB
1791396634,civicedge-emulator-1,2.25%,40.54MiB / 12GiB
1791396634,civicedge-broker-1,0.79%,8.566MiB / 12GiB
1791396634,civicedge-city-1,1.48%,40.24MiB / 12GiB
1791396634,civicedge-wan-1,2.93%,37.92MiB / 12GiB
1791396634,civicedge-portal-1,0.07%,35MiB / 12GiB
1791396640,civicedge-runner-run-8c3478a7b90f,0.00%,23.1MiB / 12GiB
1791396640,civicedge-gateway-1,2.80%,44.89MiB / 12GiB
1791396640,civicedge-core-1,3.10%,99.79MiB / 12GiB
1791396640,civicedge-emulator-1,2.19%,40.3MiB / 12GiB
1791396640,civicedge-broker-1,0.77%,8.555MiB / 12GiB
1791396640,civicedge-city-1,1.38%,40.08MiB / 12GiB
1791396640,civicedge-wan-1,2.71%,37.93MiB / 12GiB
1791396640,civicedge-portal-1,0.07%,35MiB / 12GiB
1791396646,civicedge-runner-run-8c3478a7b90f,0.00%,23.1MiB / 12GiB
1791396646,civicedge-gateway-1,2.96%,44.88MiB / 12GiB
1791396646,civicedge-core-1,3.17%,100.1MiB / 12GiB
1791396646,civicedge-emulator-1,2.26%,40.54MiB / 12GiB
1791396646,civicedge-broker-1,0.80%,8.375MiB / 12GiB
1791396646,civicedge-city-1,1.34%,40.64MiB / 12GiB
1791396646,civicedge-wan-1,2.75%,38.18MiB / 12GiB
1791396646,civicedge-portal-1,0.07%,35MiB / 12GiB
1791396652,civicedge-runner-run-8c3478a7b90f,0.00%,23.1MiB / 12GiB
1791396652,civicedge-gateway-1,2.74%,45.14MiB / 12GiB
1791396652,civicedge-core-1,2.99%,101.3MiB / 12GiB
1791396652,civicedge-emulator-1,1.93%,40.29MiB / 12GiB
1791396652,civicedge-broker-1,0.70%,7.848MiB / 12GiB
1791396652,civicedge-city-1,1.22%,40.44MiB / 12GiB
1791396652,civicedge-wan-1,2.81%,37.96MiB / 12GiB
1791396652,civicedge-portal-1,0.08%,35MiB / 12GiB
1791396659,civicedge-runner-run-8c3478a7b90f,0.00%,23.1MiB / 12GiB
1791396659,civicedge-gateway-1,2.66%,44.89MiB / 12GiB
1791396659,civicedge-core-1,2.90%,102MiB / 12GiB
1791396659,civicedge-emulator-1,2.22%,40.54MiB / 12GiB
1791396659,civicedge-broker-1,0.77%,7.848MiB / 12GiB
1791396659,civicedge-city-1,1.49%,40.75MiB / 12GiB
1791396659,civicedge-wan-1,3.16%,38.2MiB / 12GiB
1791396659,civicedge-portal-1,0.07%,35MiB / 12GiB
1791396665,civicedge-runner-run-8c3478a7b90f,0.00%,23.1MiB / 12GiB
1791396665,civicedge-gateway-1,3.01%,45.39MiB / 12GiB
1791396665,civicedge-core-1,3.28%,102.8MiB / 12GiB
1791396665,civicedge-emulator-1,2.30%,40.79MiB / 12GiB
1791396665,civicedge-broker-1,0.81%,8.34MiB / 12GiB
1791396665,civicedge-city-1,1.46%,40.8MiB / 12GiB
1791396665,civicedge-wan-1,2.91%,38.21MiB / 12GiB
1791396665,civicedge-portal-1,0.08%,35MiB / 12GiB
1791396671,civicedge-runner-run-8c3478a7b90f,0.00%,22.99MiB / 12GiB
1791396671,civicedge-gateway-1,2.78%,43.55MiB / 12GiB
1791396671,civicedge-core-1,3.20%,102.8MiB / 12GiB
1791396671,civicedge-emulator-1,2.58%,40.45MiB / 12GiB
1791396671,civicedge-broker-1,0.85%,8.367MiB / 12GiB
1791396671,civicedge-city-1,1.61%,39.38MiB / 12GiB
1791396671,civicedge-wan-1,3.19%,37.76MiB / 12GiB
1791396671,civicedge-portal-1,0.07%,34.79MiB / 12GiB
1791396678,civicedge-runner-run-8c3478a7b90f,0.00%,22.88MiB / 12GiB
1791396678,civicedge-gateway-1,2.84%,43.54MiB / 12GiB
1791396678,civicedge-core-1,3.14%,103.8MiB / 12GiB
1791396678,civicedge-emulator-1,2.54%,40.55MiB / 12GiB
1791396678,civicedge-broker-1,0.84%,8.375MiB / 12GiB
1791396678,civicedge-city-1,1.49%,39.88MiB / 12GiB
1791396678,civicedge-wan-1,3.06%,37.77MiB / 12GiB
1791396678,civicedge-portal-1,0.07%,34.57MiB / 12GiB
1791396684,civicedge-runner-run-8c3478a7b90f,0.00%,22.97MiB / 12GiB
1791396684,civicedge-gateway-1,2.72%,43.3MiB / 12GiB
1791396684,civicedge-core-1,2.90%,103.9MiB / 12GiB
1791396684,civicedge-emulator-1,2.14%,40.32MiB / 12GiB
1791396684,civicedge-broker-1,0.78%,8.336MiB / 12GiB
1791396684,civicedge-city-1,1.33%,39.68MiB / 12GiB
1791396684,civicedge-wan-1,2.69%,37.77MiB / 12GiB
1791396684,civicedge-portal-1,0.07%,34.57MiB / 12GiB
1791396690,civicedge-runner-run-8c3478a7b90f,0.00%,23.03MiB / 12GiB
1791396690,civicedge-gateway-1,0.69%,44.13MiB / 12GiB
1791396690,civicedge-core-1,2.10%,105MiB / 12GiB
1791396690,civicedge-emulator-1,2.40%,39.82MiB / 12GiB
1791396690,civicedge-broker-1,0.80%,7.855MiB / 12GiB
1791396690,civicedge-city-1,0.08%,39.53MiB / 12GiB
1791396690,civicedge-wan-1,0.07%,37.53MiB / 12GiB
1791396690,civicedge-portal-1,0.07%,34.57MiB / 12GiB
1791396696,civicedge-runner-run-8c3478a7b90f,0.00%,23.31MiB / 12GiB
1791396696,civicedge-gateway-1,0.67%,43.39MiB / 12GiB
1791396696,civicedge-core-1,2.13%,105.9MiB / 12GiB
1791396696,civicedge-emulator-1,2.12%,40.05MiB / 12GiB
1791396696,civicedge-broker-1,0.72%,8.598MiB / 12GiB
1791396696,civicedge-city-1,0.21%,39.53MiB / 12GiB
1791396696,civicedge-wan-1,0.28%,37.53MiB / 12GiB
1791396696,civicedge-portal-1,0.08%,34.57MiB / 12GiB
1791396702,civicedge-runner-run-8c3478a7b90f,0.00%,23.32MiB / 12GiB
1791396702,civicedge-gateway-1,0.67%,43.64MiB / 12GiB
1791396702,civicedge-core-1,2.01%,106.9MiB / 12GiB
1791396702,civicedge-emulator-1,1.99%,40.09MiB / 12GiB
1791396702,civicedge-broker-1,0.67%,8.578MiB / 12GiB
1791396702,civicedge-city-1,0.07%,39.52MiB / 12GiB
1791396702,civicedge-wan-1,0.08%,37.52MiB / 12GiB
1791396702,civicedge-portal-1,0.07%,34.57MiB / 12GiB
1791396709,civicedge-runner-run-8c3478a7b90f,0.00%,23.32MiB / 12GiB
1791396709,civicedge-gateway-1,0.76%,43.64MiB / 12GiB
1791396709,civicedge-core-1,2.06%,107.1MiB / 12GiB
1791396709,civicedge-emulator-1,2.13%,40.31MiB / 12GiB
1791396709,civicedge-broker-1,0.73%,8.562MiB / 12GiB
1791396709,civicedge-city-1,0.21%,40.02MiB / 12GiB
1791396709,civicedge-wan-1,0.29%,37.52MiB / 12GiB
1791396709,civicedge-portal-1,0.07%,34.57MiB / 12GiB
1791396715,civicedge-runner-run-8c3478a7b90f,0.00%,23.32MiB / 12GiB
1791396715,civicedge-gateway-1,0.59%,43.4MiB / 12GiB
1791396715,civicedge-core-1,2.04%,107.8MiB / 12GiB
1791396715,civicedge-emulator-1,2.01%,40.06MiB / 12GiB
1791396715,civicedge-broker-1,0.65%,8.273MiB / 12GiB
1791396715,civicedge-city-1,0.21%,39.77MiB / 12GiB
1791396715,civicedge-wan-1,0.35%,37.52MiB / 12GiB
1791396715,civicedge-portal-1,0.07%,34.57MiB / 12GiB
1791396721,civicedge-runner-run-8c3478a7b90f,0.00%,23.32MiB / 12GiB
1791396721,civicedge-gateway-1,0.58%,43.42MiB / 12GiB
1791396721,civicedge-core-1,1.88%,108.4MiB / 12GiB
1791396721,civicedge-emulator-1,2.06%,40.32MiB / 12GiB
1791396721,civicedge-broker-1,0.69%,8.555MiB / 12GiB
1791396721,civicedge-city-1,0.18%,39.54MiB / 12GiB
1791396721,civicedge-wan-1,0.24%,37.54MiB / 12GiB
1791396721,civicedge-portal-1,0.07%,34.57MiB / 12GiB
1791396727,civicedge-runner-run-8c3478a7b90f,0.00%,23.32MiB / 12GiB
1791396727,civicedge-gateway-1,0.63%,43.91MiB / 12GiB
1791396727,civicedge-core-1,2.02%,109.4MiB / 12GiB
1791396727,civicedge-emulator-1,2.27%,40.55MiB / 12GiB
1791396727,civicedge-broker-1,0.76%,8.441MiB / 12GiB
1791396727,civicedge-city-1,0.08%,39.54MiB / 12GiB
1791396727,civicedge-wan-1,0.08%,37.54MiB / 12GiB
1791396727,civicedge-portal-1,0.07%,34.57MiB / 12GiB
1791396733,civicedge-runner-run-8c3478a7b90f,0.00%,23.32MiB / 12GiB
1791396733,civicedge-gateway-1,0.72%,43.93MiB / 12GiB
1791396733,civicedge-core-1,2.08%,110MiB / 12GiB
1791396733,civicedge-emulator-1,2.10%,40.08MiB / 12GiB
1791396733,civicedge-broker-1,0.73%,7.902MiB / 12GiB
1791396733,civicedge-city-1,0.19%,39.54MiB / 12GiB
1791396733,civicedge-wan-1,0.32%,37.54MiB / 12GiB
1791396733,civicedge-portal-1,0.08%,34.57MiB / 12GiB
1791396740,civicedge-runner-run-8c3478a7b90f,0.00%,23.32MiB / 12GiB
1791396740,civicedge-gateway-1,0.69%,43.45MiB / 12GiB
1791396740,civicedge-core-1,2.13%,111.2MiB / 12GiB
1791396740,civicedge-emulator-1,2.56%,40.07MiB / 12GiB
1791396740,civicedge-broker-1,0.88%,8.555MiB / 12GiB
1791396740,civicedge-city-1,0.19%,39.54MiB / 12GiB
1791396740,civicedge-wan-1,0.28%,37.54MiB / 12GiB
1791396740,civicedge-portal-1,0.08%,34.57MiB / 12GiB
1791396746,civicedge-runner-run-8c3478a7b90f,0.00%,23.32MiB / 12GiB
1791396746,civicedge-gateway-1,0.62%,43.69MiB / 12GiB
1791396746,civicedge-core-1,2.12%,111.5MiB / 12GiB
1791396746,civicedge-emulator-1,2.30%,40.31MiB / 12GiB
1791396746,civicedge-broker-1,0.79%,8.289MiB / 12GiB
1791396746,civicedge-city-1,0.08%,39.54MiB / 12GiB
1791396746,civicedge-wan-1,0.08%,37.54MiB / 12GiB
1791396746,civicedge-portal-1,0.07%,34.57MiB / 12GiB
1791396752,civicedge-runner-run-8c3478a7b90f,0.00%,23.32MiB / 12GiB
1791396752,civicedge-gateway-1,0.55%,43.71MiB / 12GiB
1791396752,civicedge-core-1,2.08%,112.2MiB / 12GiB
1791396752,civicedge-emulator-1,2.14%,40.31MiB / 12GiB
1791396752,civicedge-broker-1,0.76%,8.25MiB / 12GiB
1791396752,civicedge-city-1,0.08%,39.54MiB / 12GiB
1791396752,civicedge-wan-1,0.07%,37.54MiB / 12GiB
1791396752,civicedge-portal-1,0.07%,34.57MiB / 12GiB
1791396758,civicedge-runner-run-8c3478a7b90f,0.00%,23.32MiB / 12GiB
1791396758,civicedge-gateway-1,0.78%,43.5MiB / 12GiB
1791396758,civicedge-core-1,2.00%,112.9MiB / 12GiB
1791396758,civicedge-emulator-1,1.89%,40.31MiB / 12GiB
1791396758,civicedge-broker-1,0.70%,8.348MiB / 12GiB
1791396758,civicedge-city-1,0.19%,39.54MiB / 12GiB
1791396758,civicedge-wan-1,0.31%,37.54MiB / 12GiB
1791396758,civicedge-portal-1,0.07%,34.57MiB / 12GiB
1791396764,civicedge-runner-run-8c3478a7b90f,0.00%,23.32MiB / 12GiB
1791396764,civicedge-gateway-1,0.57%,43.5MiB / 12GiB
1791396764,civicedge-core-1,2.00%,114MiB / 12GiB
1791396764,civicedge-emulator-1,2.18%,40.49MiB / 12GiB
1791396764,civicedge-broker-1,0.75%,8.348MiB / 12GiB
1791396764,civicedge-city-1,0.08%,39.54MiB / 12GiB
1791396764,civicedge-wan-1,0.08%,37.54MiB / 12GiB
1791396764,civicedge-portal-1,0.08%,34.57MiB / 12GiB
1791396771,civicedge-runner-run-8c3478a7b90f,0.00%,23.32MiB / 12GiB
1791396771,civicedge-gateway-1,0.62%,43.49MiB / 12GiB
1791396771,civicedge-core-1,1.93%,114.8MiB / 12GiB
1791396771,civicedge-emulator-1,1.96%,40.52MiB / 12GiB
1791396771,civicedge-broker-1,0.75%,8.098MiB / 12GiB
1791396771,civicedge-city-1,0.07%,39.54MiB / 12GiB
1791396771,civicedge-wan-1,0.07%,37.54MiB / 12GiB
1791396771,civicedge-portal-1,0.07%,34.57MiB / 12GiB
1791396777,civicedge-runner-run-8c3478a7b90f,0.00%,23.32MiB / 12GiB
1791396777,civicedge-gateway-1,0.58%,43.75MiB / 12GiB
1791396777,civicedge-core-1,1.96%,115.2MiB / 12GiB
1791396777,civicedge-emulator-1,2.08%,40.56MiB / 12GiB
1791396777,civicedge-broker-1,0.71%,8.324MiB / 12GiB
1791396777,civicedge-city-1,0.20%,39.54MiB / 12GiB
1791396777,civicedge-wan-1,0.24%,37.54MiB / 12GiB
1791396777,civicedge-portal-1,0.08%,34.57MiB / 12GiB
1791396783,civicedge-runner-run-8c3478a7b90f,0.00%,23.32MiB / 12GiB
1791396783,civicedge-gateway-1,0.59%,43.51MiB / 12GiB
1791396783,civicedge-core-1,2.08%,116.2MiB / 12GiB
1791396783,civicedge-emulator-1,2.36%,40.54MiB / 12GiB
1791396783,civicedge-broker-1,0.79%,8.086MiB / 12GiB
1791396783,civicedge-city-1,0.08%,39.54MiB / 12GiB
1791396783,civicedge-wan-1,0.08%,37.54MiB / 12GiB
1791396783,civicedge-portal-1,0.08%,34.57MiB / 12GiB
1791396790,civicedge-runner-run-8c3478a7b90f,0.00%,23.3MiB / 12GiB
1791396790,civicedge-gateway-1,6.02%,43.79MiB / 12GiB
1791396790,civicedge-core-1,4.69%,116.8MiB / 12GiB
1791396790,civicedge-emulator-1,2.21%,40.29MiB / 12GiB
1791396790,civicedge-broker-1,0.70%,8.359MiB / 12GiB
1791396790,civicedge-city-1,3.75%,40.29MiB / 12GiB
1791396790,civicedge-wan-1,7.71%,37.82MiB / 12GiB
1791396790,civicedge-portal-1,0.08%,34.57MiB / 12GiB
1791396796,civicedge-runner-run-8c3478a7b90f,0.00%,23.32MiB / 12GiB
1791396796,civicedge-gateway-1,6.33%,44.07MiB / 12GiB
1791396796,civicedge-core-1,5.06%,117.5MiB / 12GiB
1791396796,civicedge-emulator-1,2.27%,40.3MiB / 12GiB
1791396796,civicedge-broker-1,0.84%,8.34MiB / 12GiB
1791396796,civicedge-city-1,3.72%,39.85MiB / 12GiB
1791396796,civicedge-wan-1,7.81%,37.83MiB / 12GiB
1791396796,civicedge-portal-1,0.07%,34.57MiB / 12GiB
1791396802,civicedge-runner-run-8c3478a7b90f,0.00%,23.57MiB / 12GiB
1791396802,civicedge-gateway-1,6.34%,44.06MiB / 12GiB
1791396802,civicedge-core-1,4.93%,118.4MiB / 12GiB
1791396802,civicedge-emulator-1,2.26%,40.06MiB / 12GiB
1791396802,civicedge-broker-1,0.81%,8.094MiB / 12GiB
1791396802,civicedge-city-1,3.74%,40.07MiB / 12GiB
1791396802,civicedge-wan-1,7.71%,38.09MiB / 12GiB
1791396802,civicedge-portal-1,0.07%,34.57MiB / 12GiB
1791396809,civicedge-runner-run-8c3478a7b90f,0.00%,23.57MiB / 12GiB
1791396809,civicedge-gateway-1,6.41%,44.07MiB / 12GiB
1791396809,civicedge-core-1,5.25%,118.9MiB / 12GiB
1791396809,civicedge-emulator-1,2.32%,39.82MiB / 12GiB
1791396809,civicedge-broker-1,0.83%,8.098MiB / 12GiB
1791396809,civicedge-city-1,3.73%,40.18MiB / 12GiB
1791396809,civicedge-wan-1,7.89%,37.85MiB / 12GiB
1791396809,civicedge-portal-1,0.08%,34.57MiB / 12GiB
1791396815,civicedge-runner-run-8c3478a7b90f,0.00%,23.57MiB / 12GiB
1791396815,civicedge-gateway-1,6.10%,44.1MiB / 12GiB
1791396815,civicedge-core-1,5.39%,120.2MiB / 12GiB
1791396815,civicedge-emulator-1,2.12%,40.8MiB / 12GiB
1791396815,civicedge-broker-1,0.82%,8.344MiB / 12GiB
1791396815,civicedge-city-1,3.76%,40.2MiB / 12GiB
1791396815,civicedge-wan-1,7.71%,38.11MiB / 12GiB
1791396815,civicedge-portal-1,0.07%,34.57MiB / 12GiB
1791396821,civicedge-runner-run-8c3478a7b90f,0.00%,23.57MiB / 12GiB
1791396821,civicedge-gateway-1,6.35%,44.08MiB / 12GiB
1791396821,civicedge-core-1,5.11%,120.6MiB / 12GiB
1791396821,civicedge-emulator-1,2.33%,40.29MiB / 12GiB
1791396821,civicedge-broker-1,0.86%,8.332MiB / 12GiB
1791396821,civicedge-city-1,3.62%,39.9MiB / 12GiB
1791396821,civicedge-wan-1,7.93%,37.63MiB / 12GiB
1791396821,civicedge-portal-1,0.08%,34.57MiB / 12GiB
1791396828,civicedge-runner-run-8c3478a7b90f,0.28%,23.55MiB / 12GiB
1791396828,civicedge-gateway-1,4.30%,43.86MiB / 12GiB
1791396828,civicedge-core-1,3.88%,121.4MiB / 12GiB
1791396828,civicedge-emulator-1,2.31%,40.56MiB / 12GiB
1791396828,civicedge-broker-1,0.80%,8.082MiB / 12GiB
1791396828,civicedge-city-1,2.17%,39.78MiB / 12GiB
1791396828,civicedge-wan-1,5.25%,37.64MiB / 12GiB
1791396828,civicedge-portal-1,0.08%,34.57MiB / 12GiB
1791396834,civicedge-runner-run-8c3478a7b90f,0.00%,23.56MiB / 12GiB
1791396834,civicedge-gateway-1,1.13%,44.45MiB / 12GiB
1791396834,civicedge-core-1,3.18%,122.7MiB / 12GiB
1791396834,civicedge-emulator-1,2.08%,40.75MiB / 12GiB
1791396834,civicedge-broker-1,0.75%,8.09MiB / 12GiB
1791396834,civicedge-city-1,0.08%,39.77MiB / 12GiB
1791396834,civicedge-wan-1,0.19%,37.88MiB / 12GiB
1791396834,civicedge-portal-1,0.07%,34.57MiB / 12GiB
1791396840,civicedge-runner-run-8c3478a7b90f,0.13%,23.56MiB / 12GiB
1791396840,civicedge-gateway-1,1.11%,44.55MiB / 12GiB
1791396840,civicedge-core-1,3.53%,123.1MiB / 12GiB
1791396840,civicedge-emulator-1,2.55%,40.29MiB / 12GiB
1791396840,civicedge-broker-1,0.88%,8.164MiB / 12GiB
1791396840,civicedge-city-1,0.08%,39.77MiB / 12GiB
1791396840,civicedge-wan-1,0.22%,37.68MiB / 12GiB
1791396840,civicedge-portal-1,0.07%,34.57MiB / 12GiB
1791396846,civicedge-runner-run-8c3478a7b90f,0.00%,23.56MiB / 12GiB
1791396846,civicedge-gateway-1,1.06%,44.78MiB / 12GiB
1791396846,civicedge-core-1,3.24%,124.3MiB / 12GiB
1791396846,civicedge-emulator-1,2.22%,40.29MiB / 12GiB
1791396846,civicedge-broker-1,0.73%,8.305MiB / 12GiB
1791396846,civicedge-city-1,0.07%,39.77MiB / 12GiB
1791396846,civicedge-wan-1,0.19%,37.63MiB / 12GiB
1791396846,civicedge-portal-1,0.07%,34.57MiB / 12GiB
1791396852,civicedge-runner-run-8c3478a7b90f,0.00%,23.56MiB / 12GiB
1791396852,civicedge-gateway-1,0.93%,44.88MiB / 12GiB
1791396852,civicedge-core-1,2.31%,124.8MiB / 12GiB
1791396852,civicedge-emulator-1,1.92%,40.32MiB / 12GiB
1791396852,civicedge-broker-1,0.66%,8.59MiB / 12GiB
1791396852,civicedge-city-1,0.07%,39.77MiB / 12GiB
1791396852,civicedge-wan-1,0.18%,37.68MiB / 12GiB
1791396852,civicedge-portal-1,0.07%,34.57MiB / 12GiB
1791396859,civicedge-runner-run-8c3478a7b90f,0.00%,23.56MiB / 12GiB
1791396859,civicedge-gateway-1,0.63%,44.88MiB / 12GiB
1791396859,civicedge-core-1,2.42%,125.7MiB / 12GiB
1791396859,civicedge-emulator-1,2.28%,40.54MiB / 12GiB
1791396859,civicedge-broker-1,0.79%,8.57MiB / 12GiB
1791396859,civicedge-city-1,0.08%,39.77MiB / 12GiB
1791396859,civicedge-wan-1,0.15%,37.63MiB / 12GiB
1791396859,civicedge-portal-1,0.07%,34.57MiB / 12GiB
1791396865,civicedge-runner-run-8c3478a7b90f,0.00%,23.56MiB / 12GiB
1791396865,civicedge-gateway-1,0.62%,45.17MiB / 12GiB
1791396865,civicedge-core-1,2.24%,126.4MiB / 12GiB
1791396865,civicedge-emulator-1,2.02%,40.52MiB / 12GiB
1791396865,civicedge-broker-1,0.70%,8.324MiB / 12GiB
1791396865,civicedge-city-1,0.08%,39.77MiB / 12GiB
1791396865,civicedge-wan-1,0.17%,37.63MiB / 12GiB
1791396865,civicedge-portal-1,0.07%,34.57MiB / 12GiB
1791396871,civicedge-runner-run-8c3478a7b90f,0.00%,23.56MiB / 12GiB
1791396871,civicedge-gateway-1,0.54%,44.96MiB / 12GiB
1791396871,civicedge-core-1,2.57%,127MiB / 12GiB
1791396871,civicedge-emulator-1,2.49%,40.3MiB / 12GiB
1791396871,civicedge-broker-1,0.83%,8.332MiB / 12GiB
1791396871,civicedge-city-1,0.08%,39.77MiB / 12GiB
1791396871,civicedge-wan-1,0.18%,37.63MiB / 12GiB
1791396871,civicedge-portal-1,0.08%,34.57MiB / 12GiB
1791396877,civicedge-runner-run-8c3478a7b90f,0.11%,23.56MiB / 12GiB
1791396877,civicedge-gateway-1,0.62%,44.97MiB / 12GiB
1791396877,civicedge-core-1,2.27%,127.8MiB / 12GiB
1791396877,civicedge-emulator-1,2.09%,40.55MiB / 12GiB
1791396877,civicedge-broker-1,0.71%,8.297MiB / 12GiB
1791396877,civicedge-city-1,0.08%,39.77MiB / 12GiB
1791396877,civicedge-wan-1,0.17%,37.63MiB / 12GiB
1791396877,civicedge-portal-1,0.07%,34.57MiB / 12GiB
1791396883,civicedge-runner-run-8c3478a7b90f,0.10%,23.56MiB / 12GiB
1791396883,civicedge-gateway-1,0.82%,44.98MiB / 12GiB
1791396883,civicedge-core-1,2.53%,128.6MiB / 12GiB
1791396883,civicedge-emulator-1,2.27%,40.31MiB / 12GiB
1791396883,civicedge-broker-1,0.78%,8.551MiB / 12GiB
1791396883,civicedge-city-1,0.08%,39.77MiB / 12GiB
1791396883,civicedge-wan-1,0.17%,37.63MiB / 12GiB
1791396883,civicedge-portal-1,0.07%,34.57MiB / 12GiB
1791396890,civicedge-runner-run-8c3478a7b90f,0.10%,23.56MiB / 12GiB
1791396890,civicedge-gateway-1,1.09%,45.11MiB / 12GiB
1791396890,civicedge-core-1,2.36%,129.3MiB / 12GiB
1791396890,civicedge-emulator-1,2.19%,40.31MiB / 12GiB
1791396890,civicedge-broker-1,0.71%,8.328MiB / 12GiB
1791396890,civicedge-city-1,0.08%,39.77MiB / 12GiB
1791396890,civicedge-wan-1,0.20%,37.63MiB / 12GiB
1791396890,civicedge-portal-1,0.08%,34.57MiB / 12GiB
1791396896,civicedge-runner-run-8c3478a7b90f,0.11%,23.56MiB / 12GiB
1791396896,civicedge-gateway-1,1.23%,45.13MiB / 12GiB
1791396896,civicedge-core-1,3.70%,130.1MiB / 12GiB
1791396896,civicedge-emulator-1,2.83%,40.06MiB / 12GiB
1791396896,civicedge-broker-1,0.91%,8.348MiB / 12GiB
1791396896,civicedge-city-1,0.08%,39.77MiB / 12GiB
1791396896,civicedge-wan-1,0.21%,37.63MiB / 12GiB
1791396896,civicedge-portal-1,0.07%,34.57MiB / 12GiB
1791396902,civicedge-runner-run-8c3478a7b90f,0.00%,23.3MiB / 12GiB
1791396902,civicedge-gateway-1,1.11%,45.1MiB / 12GiB
1791396902,civicedge-core-1,3.44%,129.3MiB / 12GiB
1791396902,civicedge-emulator-1,2.57%,40.11MiB / 12GiB
1791396902,civicedge-broker-1,0.83%,8.336MiB / 12GiB
1791396902,civicedge-city-1,0.08%,39.45MiB / 12GiB
1791396902,civicedge-wan-1,0.21%,37.66MiB / 12GiB
1791396902,civicedge-portal-1,0.08%,34.05MiB / 12GiB
1791396909,civicedge-runner-run-8c3478a7b90f,0.00%,23.27MiB / 12GiB
1791396909,civicedge-gateway-1,0.97%,45.34MiB / 12GiB
1791396909,civicedge-core-1,3.33%,130.1MiB / 12GiB
1791396909,civicedge-emulator-1,2.29%,40.07MiB / 12GiB
1791396909,civicedge-broker-1,0.73%,8.34MiB / 12GiB
1791396909,civicedge-city-1,0.07%,39.4MiB / 12GiB
1791396909,civicedge-wan-1,0.20%,37.41MiB / 12GiB
1791396909,civicedge-portal-1,0.08%,33.98MiB / 12GiB
1791396915,civicedge-runner-run-8c3478a7b90f,0.11%,23.24MiB / 12GiB
1791396915,civicedge-gateway-1,1.14%,45.36MiB / 12GiB
1791396915,civicedge-core-1,2.75%,130.4MiB / 12GiB
1791396915,civicedge-emulator-1,2.37%,40.03MiB / 12GiB
1791396915,civicedge-broker-1,0.77%,8.105MiB / 12GiB
1791396915,civicedge-city-1,0.07%,39.36MiB / 12GiB
1791396915,civicedge-wan-1,0.21%,37.41MiB / 12GiB
1791396915,civicedge-portal-1,0.06%,33.94MiB / 12GiB
1791396922,civicedge-runner-run-8c3478a7b90f,0.00%,23.22MiB / 12GiB
1791396922,civicedge-gateway-1,6.69%,46.28MiB / 12GiB
1791396922,civicedge-core-1,4.80%,130.8MiB / 12GiB
1791396922,civicedge-emulator-1,2.31%,40.03MiB / 12GiB
1791396922,civicedge-broker-1,0.84%,8.348MiB / 12GiB
1791396922,civicedge-city-1,3.58%,41.38MiB / 12GiB
1791396922,civicedge-wan-1,7.63%,38.36MiB / 12GiB
1791396922,civicedge-portal-1,0.07%,33.89MiB / 12GiB
1791396928,civicedge-runner-run-8c3478a7b90f,0.00%,21.29MiB / 12GiB
1791396928,civicedge-gateway-1,6.89%,44.73MiB / 12GiB
1791396928,civicedge-core-1,5.37%,130.2MiB / 12GiB
1791396928,civicedge-emulator-1,2.40%,38.01MiB / 12GiB
1791396928,civicedge-broker-1,0.84%,8.332MiB / 12GiB
1791396928,civicedge-city-1,4.01%,41.25MiB / 12GiB
1791396928,civicedge-wan-1,8.63%,38.33MiB / 12GiB
1791396928,civicedge-portal-1,0.07%,31.77MiB / 12GiB
1791396935,civicedge-runner-run-8c3478a7b90f,0.00%,21.12MiB / 12GiB
1791396935,civicedge-gateway-1,6.37%,44.96MiB / 12GiB
1791396935,civicedge-core-1,5.61%,131.7MiB / 12GiB
1791396935,civicedge-emulator-1,2.32%,37.75MiB / 12GiB
1791396935,civicedge-broker-1,0.88%,8.59MiB / 12GiB
1791396935,civicedge-city-1,3.68%,40.97MiB / 12GiB
1791396935,civicedge-wan-1,7.78%,38.32MiB / 12GiB
1791396935,civicedge-portal-1,0.08%,31.36MiB / 12GiB
1791396941,civicedge-runner-run-8c3478a7b90f,0.00%,21.12MiB / 12GiB
1791396941,civicedge-gateway-1,6.21%,44.92MiB / 12GiB
1791396941,civicedge-core-1,4.91%,132.8MiB / 12GiB
1791396941,civicedge-emulator-1,2.28%,37.02MiB / 12GiB
1791396941,civicedge-broker-1,0.83%,8.344MiB / 12GiB
1791396941,civicedge-city-1,3.79%,41.46MiB / 12GiB
1791396941,civicedge-wan-1,8.06%,38.56MiB / 12GiB
1791396941,civicedge-portal-1,0.08%,31.36MiB / 12GiB
1791396947,civicedge-runner-run-8c3478a7b90f,0.00%,21.12MiB / 12GiB
1791396947,civicedge-gateway-1,6.50%,45.46MiB / 12GiB
1791396947,civicedge-core-1,5.01%,133.1MiB / 12GiB
1791396947,civicedge-emulator-1,2.28%,37.52MiB / 12GiB
1791396947,civicedge-broker-1,0.82%,7.863MiB / 12GiB
1791396947,civicedge-city-1,3.80%,40.96MiB / 12GiB
1791396947,civicedge-wan-1,8.12%,38.07MiB / 12GiB
1791396947,civicedge-portal-1,0.07%,31.36MiB / 12GiB
1791396954,civicedge-runner-run-8c3478a7b90f,0.57%,21.13MiB / 12GiB
1791396954,civicedge-gateway-1,2.95%,45MiB / 12GiB
1791396954,civicedge-core-1,4.12%,133.7MiB / 12GiB
1791396954,civicedge-emulator-1,2.29%,37.76MiB / 12GiB
1791396954,civicedge-broker-1,0.80%,8.379MiB / 12GiB
1791396954,civicedge-city-1,3.43%,40.97MiB / 12GiB
1791396954,civicedge-wan-1,3.03%,38.07MiB / 12GiB
1791396954,civicedge-portal-1,0.07%,31.36MiB / 12GiB
1791396960,civicedge-runner-run-8c3478a7b90f,0.00%,21.14MiB / 12GiB
1791396960,civicedge-gateway-1,0.63%,45.26MiB / 12GiB
1791396960,civicedge-core-1,2.09%,134.6MiB / 12GiB
1791396960,civicedge-emulator-1,2.32%,37.75MiB / 12GiB
1791396960,civicedge-broker-1,0.76%,8.348MiB / 12GiB
1791396960,civicedge-city-1,0.08%,40.5MiB / 12GiB
1791396960,civicedge-wan-1,0.08%,38.07MiB / 12GiB
1791396960,civicedge-portal-1,0.07%,31.36MiB / 12GiB
1791396966,civicedge-runner-run-8c3478a7b90f,0.00%,21.34MiB / 12GiB
1791396966,civicedge-gateway-1,0.69%,44.75MiB / 12GiB
1791396966,civicedge-core-1,2.08%,135.6MiB / 12GiB
1791396966,civicedge-emulator-1,2.18%,37.52MiB / 12GiB
1791396966,civicedge-broker-1,0.72%,8.305MiB / 12GiB
1791396966,civicedge-city-1,0.08%,40.5MiB / 12GiB
1791396966,civicedge-wan-1,0.12%,38.07MiB / 12GiB
1791396966,civicedge-portal-1,0.08%,31.36MiB / 12GiB
1791396972,civicedge-runner-run-8c3478a7b90f,0.00%,21.35MiB / 12GiB
1791396972,civicedge-gateway-1,0.57%,44.74MiB / 12GiB
1791396972,civicedge-core-1,1.84%,135.7MiB / 12GiB
1791396972,civicedge-emulator-1,2.06%,37.75MiB / 12GiB
1791396972,civicedge-broker-1,0.65%,8.285MiB / 12GiB
1791396972,civicedge-city-1,0.22%,40.5MiB / 12GiB
1791396972,civicedge-wan-1,0.19%,38.06MiB / 12GiB
1791396972,civicedge-portal-1,0.07%,31.36MiB / 12GiB
1791396979,civicedge-runner-run-8c3478a7b90f,0.00%,21.35MiB / 12GiB
1791396979,civicedge-gateway-1,0.77%,44.75MiB / 12GiB
1791396979,civicedge-core-1,2.35%,137.2MiB / 12GiB
1791396979,civicedge-emulator-1,2.33%,37.77MiB / 12GiB
1791396979,civicedge-broker-1,0.77%,8.371MiB / 12GiB
1791396979,civicedge-city-1,0.20%,40.5MiB / 12GiB
1791396979,civicedge-wan-1,0.28%,38.06MiB / 12GiB
1791396979,civicedge-portal-1,0.07%,31.36MiB / 12GiB
1791396985,civicedge-runner-run-8c3478a7b90f,0.00%,21.35MiB / 12GiB
1791396985,civicedge-gateway-1,0.61%,44.78MiB / 12GiB
1791396985,civicedge-core-1,2.07%,137.7MiB / 12GiB
1791396985,civicedge-emulator-1,2.34%,37.77MiB / 12GiB
1791396985,civicedge-broker-1,0.74%,8.52MiB / 12GiB
1791396985,civicedge-city-1,0.08%,40.5MiB / 12GiB
1791396985,civicedge-wan-1,0.08%,38.06MiB / 12GiB
1791396985,civicedge-portal-1,0.07%,31.36MiB / 12GiB
1791396991,civicedge-runner-run-8c3478a7b90f,0.00%,21.35MiB / 12GiB
1791396991,civicedge-gateway-1,0.74%,44.79MiB / 12GiB
1791396991,civicedge-core-1,2.19%,138.8MiB / 12GiB
1791396991,civicedge-emulator-1,2.12%,37.51MiB / 12GiB
1791396991,civicedge-broker-1,0.74%,8.336MiB / 12GiB
1791396991,civicedge-city-1,0.21%,40.74MiB / 12GiB
1791396991,civicedge-wan-1,0.26%,38.06MiB / 12GiB
1791396991,civicedge-portal-1,0.07%,31.36MiB / 12GiB
1791396997,civicedge-runner-run-8c3478a7b90f,0.00%,21.34MiB / 12GiB
1791396997,civicedge-gateway-1,0.78%,45.3MiB / 12GiB
1791396997,civicedge-core-1,2.02%,138.8MiB / 12GiB
1791396997,civicedge-emulator-1,2.14%,37.52MiB / 12GiB
1791396997,civicedge-broker-1,0.74%,8.074MiB / 12GiB
1791396997,civicedge-city-1,0.10%,40.49MiB / 12GiB
1791396997,civicedge-wan-1,0.14%,38.07MiB / 12GiB
1791396997,civicedge-portal-1,0.07%,31.36MiB / 12GiB
1791397003,civicedge-runner-run-8c3478a7b90f,0.00%,21.35MiB / 12GiB
1791397003,civicedge-gateway-1,0.66%,45.3MiB / 12GiB
1791397003,civicedge-core-1,2.15%,139.9MiB / 12GiB
1791397003,civicedge-emulator-1,2.19%,37.03MiB / 12GiB
1791397003,civicedge-broker-1,0.75%,8.383MiB / 12GiB
1791397003,civicedge-city-1,0.08%,40.49MiB / 12GiB
1791397003,civicedge-wan-1,0.14%,38.06MiB / 12GiB
1791397003,civicedge-portal-1,0.07%,31.36MiB / 12GiB
1791397010,civicedge-runner-run-8c3478a7b90f,0.00%,21.35MiB / 12GiB
1791397010,civicedge-gateway-1,0.62%,44.82MiB / 12GiB
1791397010,civicedge-core-1,2.18%,140.4MiB / 12GiB
1791397010,civicedge-emulator-1,2.26%,37.27MiB / 12GiB
1791397010,civicedge-broker-1,0.76%,8.348MiB / 12GiB
1791397010,civicedge-city-1,0.08%,40.49MiB / 12GiB
1791397010,civicedge-wan-1,0.10%,38.06MiB / 12GiB
1791397010,civicedge-portal-1,0.08%,31.36MiB / 12GiB
1791397016,civicedge-runner-run-8c3478a7b90f,0.00%,21.35MiB / 12GiB
1791397016,civicedge-gateway-1,0.59%,45.09MiB / 12GiB
1791397016,civicedge-core-1,2.10%,141.7MiB / 12GiB
1791397016,civicedge-emulator-1,2.34%,37.99MiB / 12GiB
1791397016,civicedge-broker-1,0.78%,8.184MiB / 12GiB
1791397016,civicedge-city-1,0.08%,40.49MiB / 12GiB
1791397016,civicedge-wan-1,0.13%,38.31MiB / 12GiB
1791397016,civicedge-portal-1,0.08%,31.36MiB / 12GiB
1791397022,civicedge-runner-run-8c3478a7b90f,0.00%,21.35MiB / 12GiB
1791397022,civicedge-gateway-1,0.67%,44.84MiB / 12GiB
1791397022,civicedge-core-1,2.07%,142.2MiB / 12GiB
1791397022,civicedge-emulator-1,2.17%,37.27MiB / 12GiB
1791397022,civicedge-broker-1,0.78%,8.523MiB / 12GiB
1791397022,civicedge-city-1,0.07%,40.49MiB / 12GiB
1791397022,civicedge-wan-1,0.14%,38.06MiB / 12GiB
1791397022,civicedge-portal-1,0.07%,31.36MiB / 12GiB
1791397028,civicedge-runner-run-8c3478a7b90f,0.06%,21.35MiB / 12GiB
1791397028,civicedge-gateway-1,0.58%,45.1MiB / 12GiB
1791397028,civicedge-core-1,2.09%,142.9MiB / 12GiB
1791397028,civicedge-emulator-1,2.22%,37.29MiB / 12GiB
1791397028,civicedge-broker-1,0.77%,7.922MiB / 12GiB
1791397028,civicedge-city-1,0.07%,40.49MiB / 12GiB
1791397028,civicedge-wan-1,0.14%,38.07MiB / 12GiB
1791397028,civicedge-portal-1,0.08%,31.36MiB / 12GiB
1791397034,civicedge-runner-run-8c3478a7b90f,0.06%,21.6MiB / 12GiB
1791397034,civicedge-gateway-1,0.63%,44.85MiB / 12GiB
1791397034,civicedge-core-1,2.05%,144.2MiB / 12GiB
1791397034,civicedge-emulator-1,2.02%,37.76MiB / 12GiB
1791397034,civicedge-broker-1,0.70%,8.59MiB / 12GiB
1791397034,civicedge-city-1,0.07%,40.49MiB / 12GiB
1791397034,civicedge-wan-1,0.14%,38.06MiB / 12GiB
1791397034,civicedge-portal-1,0.07%,31.36MiB / 12GiB
1791397041,civicedge-runner-run-8c3478a7b90f,0.07%,21.35MiB / 12GiB
1791397041,civicedge-gateway-1,0.53%,44.86MiB / 12GiB
1791397041,civicedge-core-1,2.05%,144.1MiB / 12GiB
1791397041,civicedge-emulator-1,2.32%,37.72MiB / 12GiB
1791397041,civicedge-broker-1,0.80%,8.359MiB / 12GiB
1791397041,civicedge-city-1,0.07%,40.49MiB / 12GiB
1791397041,civicedge-wan-1,0.13%,38.06MiB / 12GiB
1791397041,civicedge-portal-1,0.07%,31.36MiB / 12GiB
1791397047,civicedge-runner-run-8c3478a7b90f,0.00%,21.35MiB / 12GiB
1791397047,civicedge-gateway-1,0.70%,45.11MiB / 12GiB
1791397047,civicedge-core-1,1.97%,145.2MiB / 12GiB
1791397047,civicedge-emulator-1,1.91%,38MiB / 12GiB
1791397047,civicedge-broker-1,0.67%,8.574MiB / 12GiB
1791397047,civicedge-city-1,0.06%,40.49MiB / 12GiB
1791397047,civicedge-wan-1,0.13%,38.06MiB / 12GiB
1791397047,civicedge-portal-1,0.07%,31.36MiB / 12GiB
1791397053,civicedge-runner-run-8c3478a7b90f,0.00%,21.35MiB / 12GiB
1791397053,civicedge-gateway-1,0.77%,45.37MiB / 12GiB
1791397053,civicedge-core-1,2.37%,145.7MiB / 12GiB
1791397053,civicedge-emulator-1,2.57%,37.52MiB / 12GiB
1791397053,civicedge-broker-1,0.87%,8.336MiB / 12GiB
1791397053,civicedge-city-1,0.07%,40.49MiB / 12GiB
1791397053,civicedge-wan-1,0.14%,38.06MiB / 12GiB
1791397053,civicedge-portal-1,0.09%,31.36MiB / 12GiB
1791397060,civicedge-runner-run-8c3478a7b90f,0.00%,21.35MiB / 12GiB
1791397060,civicedge-gateway-1,0.59%,44.88MiB / 12GiB
1791397060,civicedge-core-1,2.00%,146.2MiB / 12GiB
1791397060,civicedge-emulator-1,2.04%,37.51MiB / 12GiB
1791397060,civicedge-broker-1,0.73%,8.098MiB / 12GiB
1791397060,civicedge-city-1,0.08%,40.49MiB / 12GiB
1791397060,civicedge-wan-1,0.13%,38.06MiB / 12GiB
1791397060,civicedge-portal-1,0.08%,31.36MiB / 12GiB
1791397066,civicedge-runner-run-8c3478a7b90f,0.00%,21.35MiB / 12GiB
1791397066,civicedge-gateway-1,0.68%,45.13MiB / 12GiB
1791397066,civicedge-core-1,2.16%,147.2MiB / 12GiB
1791397066,civicedge-emulator-1,2.25%,37.98MiB / 12GiB
1791397066,civicedge-broker-1,0.78%,8.562MiB / 12GiB
1791397066,civicedge-city-1,0.07%,40.49MiB / 12GiB
1791397066,civicedge-wan-1,0.15%,38.06MiB / 12GiB
1791397066,civicedge-portal-1,0.07%,31.36MiB / 12GiB
1791397072,civicedge-runner-run-8c3478a7b90f,0.08%,21.36MiB / 12GiB
1791397072,civicedge-gateway-1,0.71%,45.39MiB / 12GiB
1791397072,civicedge-core-1,1.96%,148MiB / 12GiB
1791397072,civicedge-emulator-1,2.01%,37.22MiB / 12GiB
1791397072,civicedge-broker-1,0.66%,8.441MiB / 12GiB
1791397072,civicedge-city-1,0.08%,40.49MiB / 12GiB
1791397072,civicedge-wan-1,0.11%,38.06MiB / 12GiB
1791397072,civicedge-portal-1,0.08%,31.36MiB / 12GiB
1791397078,civicedge-runner-run-8c3478a7b90f,0.08%,21.36MiB / 12GiB
1791397078,civicedge-gateway-1,1.05%,45.39MiB / 12GiB
1791397078,civicedge-core-1,2.91%,148.8MiB / 12GiB
1791397078,civicedge-emulator-1,2.91%,37.27MiB / 12GiB
1791397078,civicedge-broker-1,0.94%,8.328MiB / 12GiB
1791397078,civicedge-city-1,0.09%,40.49MiB / 12GiB
1791397078,civicedge-wan-1,0.17%,38.06MiB / 12GiB
1791397078,civicedge-portal-1,0.09%,31.36MiB / 12GiB
1791397085,civicedge-runner-run-8c3478a7b90f,0.26%,21.62MiB / 12GiB
1791397085,civicedge-gateway-1,1.69%,45.17MiB / 12GiB
1791397085,civicedge-core-1,2.24%,149.7MiB / 12GiB
1791397085,civicedge-emulator-1,2.41%,37.52MiB / 12GiB
1791397085,civicedge-broker-1,0.82%,8.098MiB / 12GiB
1791397085,civicedge-city-1,1.10%,40.73MiB / 12GiB
1791397085,civicedge-wan-1,2.05%,38.31MiB / 12GiB
1791397085,civicedge-portal-1,0.08%,31.36MiB / 12GiB
1791397091,civicedge-runner-run-8c3478a7b90f,0.20%,21.88MiB / 12GiB
1791397091,civicedge-gateway-1,0.86%,45.2MiB / 12GiB
1791397091,civicedge-core-1,1.93%,150.5MiB / 12GiB
1791397091,civicedge-emulator-1,1.99%,37.75MiB / 12GiB
1791397091,civicedge-broker-1,0.68%,8.422MiB / 12GiB
1791397091,civicedge-city-1,0.07%,40.5MiB / 12GiB
1791397091,civicedge-wan-1,0.28%,38.3MiB / 12GiB
1791397091,civicedge-portal-1,0.07%,31.36MiB / 12GiB
1791397098,civicedge-runner-run-8c3478a7b90f,0.00%,21.38MiB / 12GiB
1791397098,civicedge-gateway-1,0.83%,44.95MiB / 12GiB
1791397098,civicedge-core-1,2.13%,151.2MiB / 12GiB
1791397098,civicedge-emulator-1,2.33%,37.77MiB / 12GiB
1791397098,civicedge-broker-1,0.78%,8.32MiB / 12GiB
1791397098,civicedge-city-1,0.30%,40.5MiB / 12GiB
1791397098,civicedge-wan-1,0.49%,38.06MiB / 12GiB
1791397098,civicedge-portal-1,0.08%,31.36MiB / 12GiB
1791397104,civicedge-runner-run-8c3478a7b90f,0.00%,21.38MiB / 12GiB
1791397104,civicedge-gateway-1,0.61%,44.94MiB / 12GiB
1791397104,civicedge-core-1,2.07%,152.1MiB / 12GiB
1791397104,civicedge-emulator-1,2.07%,37.77MiB / 12GiB
1791397104,civicedge-broker-1,0.80%,8.348MiB / 12GiB
1791397104,civicedge-city-1,0.18%,40.5MiB / 12GiB
1791397104,civicedge-wan-1,0.27%,38.06MiB / 12GiB
1791397104,civicedge-portal-1,0.07%,31.36MiB / 12GiB
1791397110,civicedge-runner-run-8c3478a7b90f,0.00%,21.38MiB / 12GiB
1791397110,civicedge-gateway-1,0.70%,44.96MiB / 12GiB
1791397110,civicedge-core-1,1.88%,152.7MiB / 12GiB
1791397110,civicedge-emulator-1,1.97%,37.51MiB / 12GiB
1791397110,civicedge-broker-1,0.68%,8.449MiB / 12GiB
1791397110,civicedge-city-1,0.30%,40.5MiB / 12GiB
1791397110,civicedge-wan-1,0.45%,38.06MiB / 12GiB
1791397110,civicedge-portal-1,0.08%,31.36MiB / 12GiB
1791397116,civicedge-runner-run-8c3478a7b90f,0.00%,21.38MiB / 12GiB
1791397116,civicedge-gateway-1,0.61%,44.98MiB / 12GiB
1791397116,civicedge-core-1,2.10%,153.5MiB / 12GiB
1791397116,civicedge-emulator-1,2.25%,38MiB / 12GiB
1791397116,civicedge-broker-1,0.74%,8.426MiB / 12GiB
1791397116,civicedge-city-1,0.09%,40.5MiB / 12GiB
1791397116,civicedge-wan-1,0.09%,38.06MiB / 12GiB
1791397116,civicedge-portal-1,0.07%,31.36MiB / 12GiB
1791397122,civicedge-runner-run-8c3478a7b90f,0.00%,21.38MiB / 12GiB
1791397122,civicedge-gateway-1,0.65%,45MiB / 12GiB
1791397122,civicedge-core-1,2.05%,154.5MiB / 12GiB
1791397122,civicedge-emulator-1,2.19%,37.73MiB / 12GiB
1791397122,civicedge-broker-1,0.75%,8.395MiB / 12GiB
1791397122,civicedge-city-1,0.08%,40.5MiB / 12GiB
1791397122,civicedge-wan-1,0.09%,38.06MiB / 12GiB
1791397122,civicedge-portal-1,0.08%,31.36MiB / 12GiB
1791397128,civicedge-gateway-1,9.87%,46.14MiB / 12GiB
1791397128,civicedge-core-1,2.23%,155.2MiB / 12GiB
1791397128,civicedge-emulator-1,2.33%,37.76MiB / 12GiB
1791397128,civicedge-broker-1,0.82%,8.594MiB / 12GiB
1791397128,civicedge-city-1,0.66%,40.54MiB / 12GiB
1791397128,civicedge-wan-1,0.56%,38.06MiB / 12GiB
1791397128,civicedge-portal-1,0.07%,31.36MiB / 12GiB
1791397135,civicedge-runner-run-c17c06df1c2c,26.01%,18.82MiB / 12GiB
1791397135,civicedge-gateway-1,0.97%,46.16MiB / 12GiB
1791397135,civicedge-core-1,2.40%,155.7MiB / 12GiB
1791397135,civicedge-emulator-1,2.48%,37.77MiB / 12GiB
1791397135,civicedge-broker-1,0.87%,8.105MiB / 12GiB
1791397135,civicedge-city-1,0.32%,41.02MiB / 12GiB
1791397135,civicedge-wan-1,0.63%,38.06MiB / 12GiB
1791397135,civicedge-portal-1,0.08%,31.36MiB / 12GiB
1791397141,civicedge-runner-run-c17c06df1c2c,26.84%,34.82MiB / 12GiB
1791397141,civicedge-gateway-1,0.72%,45.9MiB / 12GiB
1791397141,civicedge-core-1,2.34%,156.6MiB / 12GiB
1791397141,civicedge-emulator-1,2.48%,37.52MiB / 12GiB
1791397141,civicedge-broker-1,0.88%,8.094MiB / 12GiB
1791397141,civicedge-city-1,0.08%,40.54MiB / 12GiB
1791397141,civicedge-wan-1,0.08%,38.06MiB / 12GiB
1791397141,civicedge-portal-1,0.07%,31.36MiB / 12GiB
1791397147,civicedge-runner-run-c17c06df1c2c,26.66%,35.01MiB / 12GiB
1791397147,civicedge-gateway-1,0.62%,45.91MiB / 12GiB
1791397147,civicedge-core-1,2.10%,157.3MiB / 12GiB
1791397147,civicedge-emulator-1,2.28%,37.52MiB / 12GiB
1791397147,civicedge-broker-1,0.80%,8.59MiB / 12GiB
1791397147,civicedge-city-1,0.08%,40.54MiB / 12GiB
1791397147,civicedge-wan-1,0.08%,38.06MiB / 12GiB
1791397147,civicedge-portal-1,0.08%,31.36MiB / 12GiB
1791397153,civicedge-runner-run-c17c06df1c2c,7.81%,35.22MiB / 12GiB
1791397153,civicedge-gateway-1,0.69%,46.16MiB / 12GiB
1791397153,civicedge-core-1,2.08%,158.3MiB / 12GiB
1791397153,civicedge-emulator-1,2.33%,37.52MiB / 12GiB
1791397153,civicedge-broker-1,0.83%,8.102MiB / 12GiB
1791397153,civicedge-city-1,0.07%,40.54MiB / 12GiB
1791397153,civicedge-wan-1,0.08%,38.06MiB / 12GiB
1791397153,civicedge-portal-1,0.08%,31.36MiB / 12GiB
1791397160,civicedge-runner-run-c17c06df1c2c,7.32%,35.27MiB / 12GiB
1791397160,civicedge-gateway-1,0.62%,45.92MiB / 12GiB
1791397160,civicedge-core-1,2.07%,158.8MiB / 12GiB
1791397160,civicedge-emulator-1,2.42%,37.77MiB / 12GiB
1791397160,civicedge-broker-1,0.83%,8.359MiB / 12GiB
1791397160,civicedge-city-1,0.07%,40.54MiB / 12GiB
1791397160,civicedge-wan-1,0.07%,38.06MiB / 12GiB
1791397160,civicedge-portal-1,0.08%,31.36MiB / 12GiB
1791397166,civicedge-runner-run-c17c06df1c2c,8.55%,35.3MiB / 12GiB
1791397166,civicedge-gateway-1,0.78%,45.93MiB / 12GiB
1791397166,civicedge-core-1,2.25%,159.4MiB / 12GiB
1791397166,civicedge-emulator-1,2.46%,37.54MiB / 12GiB
1791397166,civicedge-broker-1,0.87%,8.344MiB / 12GiB
1791397166,civicedge-city-1,0.22%,40.54MiB / 12GiB
1791397166,civicedge-wan-1,0.35%,38.06MiB / 12GiB
1791397166,civicedge-portal-1,0.08%,31.36MiB / 12GiB
1791397172,civicedge-runner-run-c17c06df1c2c,7.81%,35.34MiB / 12GiB
1791397172,civicedge-gateway-1,0.86%,45.95MiB / 12GiB
1791397172,civicedge-core-1,2.15%,159.9MiB / 12GiB
1791397172,civicedge-emulator-1,2.38%,37.52MiB / 12GiB
1791397172,civicedge-broker-1,0.83%,8.098MiB / 12GiB
1791397172,civicedge-city-1,0.34%,40.54MiB / 12GiB
1791397172,civicedge-wan-1,0.40%,38.06MiB / 12GiB
1791397172,civicedge-portal-1,0.08%,31.36MiB / 12GiB
1791397178,civicedge-runner-run-c17c06df1c2c,7.61%,35.38MiB / 12GiB
1791397178,civicedge-gateway-1,0.63%,45.95MiB / 12GiB
1791397178,civicedge-core-1,2.10%,160.7MiB / 12GiB
1791397178,civicedge-emulator-1,2.26%,37.76MiB / 12GiB
1791397178,civicedge-broker-1,0.78%,8.422MiB / 12GiB
1791397178,civicedge-city-1,0.10%,40.53MiB / 12GiB
1791397178,civicedge-wan-1,0.08%,38.06MiB / 12GiB
1791397178,civicedge-portal-1,0.08%,31.36MiB / 12GiB
1791397184,civicedge-runner-run-c17c06df1c2c,7.75%,35.43MiB / 12GiB
1791397184,civicedge-gateway-1,0.71%,46.19MiB / 12GiB
1791397184,civicedge-core-1,2.06%,161.2MiB / 12GiB
1791397184,civicedge-emulator-1,2.28%,37.64MiB / 12GiB
1791397184,civicedge-broker-1,0.79%,8.289MiB / 12GiB
1791397184,civicedge-city-1,0.08%,40.54MiB / 12GiB
1791397184,civicedge-wan-1,0.08%,38.06MiB / 12GiB
1791397184,civicedge-portal-1,0.07%,31.36MiB / 12GiB
1791397191,civicedge-runner-run-c17c06df1c2c,8.06%,35.47MiB / 12GiB
1791397191,civicedge-gateway-1,0.72%,46.21MiB / 12GiB
1791397191,civicedge-core-1,2.23%,162.4MiB / 12GiB
1791397191,civicedge-emulator-1,2.32%,38.02MiB / 12GiB
1791397191,civicedge-broker-1,0.80%,8.094MiB / 12GiB
1791397191,civicedge-city-1,0.08%,40.54MiB / 12GiB
1791397191,civicedge-wan-1,0.08%,38.06MiB / 12GiB
1791397191,civicedge-portal-1,0.08%,31.36MiB / 12GiB
1791397197,civicedge-runner-run-c17c06df1c2c,7.80%,35.52MiB / 12GiB
1791397197,civicedge-gateway-1,0.67%,46.45MiB / 12GiB
1791397197,civicedge-core-1,2.09%,163.2MiB / 12GiB
1791397197,civicedge-emulator-1,2.13%,37.49MiB / 12GiB
1791397197,civicedge-broker-1,0.77%,8.598MiB / 12GiB
1791397197,civicedge-city-1,0.07%,40.54MiB / 12GiB
1791397197,civicedge-wan-1,0.08%,38.06MiB / 12GiB
1791397197,civicedge-portal-1,0.07%,31.36MiB / 12GiB
1791397203,civicedge-runner-run-c17c06df1c2c,98.84%,93.62MiB / 12GiB
1791397203,civicedge-gateway-1,0.61%,45.97MiB / 12GiB
1791397203,civicedge-core-1,2.19%,163.5MiB / 12GiB
1791397203,civicedge-emulator-1,2.36%,37.77MiB / 12GiB
1791397203,civicedge-broker-1,0.82%,7.855MiB / 12GiB
1791397203,civicedge-city-1,0.07%,40.54MiB / 12GiB
1791397203,civicedge-wan-1,0.08%,38.06MiB / 12GiB
1791397203,civicedge-portal-1,0.07%,31.36MiB / 12GiB
1791397210,civicedge-runner-run-c17c06df1c2c,4.95%,94.16MiB / 12GiB
1791397210,civicedge-gateway-1,0.61%,45.97MiB / 12GiB
1791397210,civicedge-core-1,2.28%,164.7MiB / 12GiB
1791397210,civicedge-emulator-1,2.47%,37.52MiB / 12GiB
1791397210,civicedge-broker-1,0.85%,8.098MiB / 12GiB
1791397210,civicedge-city-1,0.07%,40.54MiB / 12GiB
1791397210,civicedge-wan-1,0.08%,38.06MiB / 12GiB
1791397210,civicedge-portal-1,0.08%,31.36MiB / 12GiB
1791397216,civicedge-runner-run-c17c06df1c2c,101.30%,29.46MiB / 12GiB
1791397216,civicedge-gateway-1,0.88%,45.96MiB / 12GiB
1791397216,civicedge-core-1,2.20%,164.9MiB / 12GiB
1791397216,civicedge-emulator-1,2.21%,37.19MiB / 12GiB
1791397216,civicedge-broker-1,0.76%,8.094MiB / 12GiB
1791397216,civicedge-city-1,0.33%,40.51MiB / 12GiB
1791397216,civicedge-wan-1,0.53%,38.04MiB / 12GiB
1791397216,civicedge-portal-1,0.08%,31.27MiB / 12GiB
1791397223,civicedge-runner-run-c17c06df1c2c,99.91%,29.46MiB / 12GiB
1791397223,civicedge-gateway-1,0.68%,45.98MiB / 12GiB
1791397223,civicedge-core-1,2.23%,166.2MiB / 12GiB
1791397223,civicedge-emulator-1,2.62%,37.27MiB / 12GiB
1791397223,civicedge-broker-1,0.92%,8.602MiB / 12GiB
1791397223,civicedge-city-1,0.08%,40.5MiB / 12GiB
1791397223,civicedge-wan-1,0.08%,38.04MiB / 12GiB
1791397223,civicedge-portal-1,0.07%,31.27MiB / 12GiB
1791397229,civicedge-runner-run-c17c06df1c2c,101.30%,29.46MiB / 12GiB
1791397229,civicedge-gateway-1,1.19%,45.98MiB / 12GiB
1791397229,civicedge-core-1,2.51%,166.7MiB / 12GiB
1791397229,civicedge-emulator-1,2.32%,37.01MiB / 12GiB
1791397229,civicedge-broker-1,0.80%,8.594MiB / 12GiB
1791397229,civicedge-city-1,0.55%,40.75MiB / 12GiB
1791397229,civicedge-wan-1,0.67%,38.04MiB / 12GiB
1791397229,civicedge-portal-1,0.07%,31.27MiB / 12GiB
1791397235,civicedge-runner-run-c17c06df1c2c,99.88%,29.46MiB / 12GiB
1791397235,civicedge-gateway-1,0.95%,46.22MiB / 12GiB
1791397235,civicedge-core-1,2.43%,167.8MiB / 12GiB
1791397235,civicedge-emulator-1,2.50%,37.74MiB / 12GiB
1791397235,civicedge-broker-1,0.85%,8.109MiB / 12GiB
1791397235,civicedge-city-1,0.34%,40.5MiB / 12GiB
1791397235,civicedge-wan-1,0.55%,38.04MiB / 12GiB
1791397235,civicedge-portal-1,0.07%,31.27MiB / 12GiB
1791397242,civicedge-runner-run-c17c06df1c2c,100.47%,29.45MiB / 12GiB
1791397242,civicedge-gateway-1,0.72%,45.98MiB / 12GiB
1791397242,civicedge-core-1,2.06%,168.4MiB / 12GiB
1791397242,civicedge-emulator-1,2.33%,37.68MiB / 12GiB
1791397242,civicedge-broker-1,0.81%,8.508MiB / 12GiB
1791397242,civicedge-city-1,0.08%,40.51MiB / 12GiB
1791397242,civicedge-wan-1,0.08%,38.04MiB / 12GiB
1791397242,civicedge-portal-1,0.07%,31.27MiB / 12GiB
1791397248,civicedge-runner-run-c17c06df1c2c,101.42%,29.45MiB / 12GiB
1791397248,civicedge-gateway-1,0.68%,46.24MiB / 12GiB
1791397248,civicedge-core-1,2.15%,169.3MiB / 12GiB
1791397248,civicedge-emulator-1,2.39%,37.75MiB / 12GiB
1791397248,civicedge-broker-1,0.83%,8.316MiB / 12GiB
1791397248,civicedge-city-1,0.07%,40.51MiB / 12GiB
1791397248,civicedge-wan-1,0.07%,38.04MiB / 12GiB
1791397248,civicedge-portal-1,0.07%,31.27MiB / 12GiB
1791397255,civicedge-runner-run-c17c06df1c2c,100.28%,29.45MiB / 12GiB
1791397255,civicedge-gateway-1,0.72%,46MiB / 12GiB
1791397255,civicedge-core-1,2.06%,170MiB / 12GiB
1791397255,civicedge-emulator-1,1.96%,37.46MiB / 12GiB
1791397255,civicedge-broker-1,0.67%,8.559MiB / 12GiB
1791397255,civicedge-city-1,0.09%,40.5MiB / 12GiB
1791397255,civicedge-wan-1,0.09%,38.04MiB / 12GiB
1791397255,civicedge-portal-1,0.07%,31.27MiB / 12GiB
1791397261,civicedge-runner-run-c17c06df1c2c,100.71%,29.45MiB / 12GiB
1791397261,civicedge-gateway-1,0.76%,46.02MiB / 12GiB
1791397261,civicedge-core-1,2.26%,170.8MiB / 12GiB
1791397261,civicedge-emulator-1,2.38%,37.73MiB / 12GiB
1791397261,civicedge-broker-1,0.89%,8.344MiB / 12GiB
1791397261,civicedge-city-1,0.21%,40.5MiB / 12GiB
1791397261,civicedge-wan-1,0.29%,38.04MiB / 12GiB
1791397261,civicedge-portal-1,0.07%,31.27MiB / 12GiB
1791397267,civicedge-runner-run-c17c06df1c2c,100.49%,29.45MiB / 12GiB
1791397267,civicedge-gateway-1,0.65%,46.02MiB / 12GiB
1791397267,civicedge-core-1,2.17%,171.1MiB / 12GiB
1791397267,civicedge-emulator-1,2.18%,37.5MiB / 12GiB
1791397267,civicedge-broker-1,0.79%,8.566MiB / 12GiB
1791397267,civicedge-city-1,0.09%,40.5MiB / 12GiB
1791397267,civicedge-wan-1,0.10%,38.04MiB / 12GiB
1791397267,civicedge-portal-1,0.07%,31.27MiB / 12GiB
1791397274,civicedge-runner-run-c17c06df1c2c,100.79%,29.45MiB / 12GiB
1791397274,civicedge-gateway-1,0.72%,46.27MiB / 12GiB
1791397274,civicedge-core-1,2.18%,172.4MiB / 12GiB
1791397274,civicedge-emulator-1,2.27%,37.5MiB / 12GiB
1791397274,civicedge-broker-1,0.77%,8.098MiB / 12GiB
1791397274,civicedge-city-1,0.07%,40.5MiB / 12GiB
1791397274,civicedge-wan-1,0.07%,38.04MiB / 12GiB
1791397274,civicedge-portal-1,0.07%,31.27MiB / 12GiB
1791397280,civicedge-runner-run-c17c06df1c2c,101.06%,29.45MiB / 12GiB
1791397280,civicedge-gateway-1,0.86%,46.04MiB / 12GiB
1791397280,civicedge-core-1,2.12%,173.1MiB / 12GiB
1791397280,civicedge-emulator-1,2.17%,37.5MiB / 12GiB
1791397280,civicedge-broker-1,0.73%,8.273MiB / 12GiB
1791397280,civicedge-city-1,0.07%,40.51MiB / 12GiB
1791397280,civicedge-wan-1,0.07%,38.04MiB / 12GiB
1791397280,civicedge-portal-1,0.07%,31.27MiB / 12GiB
1791397286,civicedge-runner-run-c17c06df1c2c,100.19%,29.45MiB / 12GiB
1791397286,civicedge-gateway-1,0.67%,46.03MiB / 12GiB
1791397286,civicedge-core-1,2.15%,173.9MiB / 12GiB
1791397286,civicedge-emulator-1,2.41%,37.27MiB / 12GiB
1791397286,civicedge-broker-1,0.84%,8.109MiB / 12GiB
1791397286,civicedge-city-1,0.07%,40.5MiB / 12GiB
1791397286,civicedge-wan-1,0.07%,38.04MiB / 12GiB
1791397286,civicedge-portal-1,0.07%,31.27MiB / 12GiB
1791397293,civicedge-runner-run-c17c06df1c2c,101.56%,29.45MiB / 12GiB
1791397293,civicedge-gateway-1,0.88%,46.3MiB / 12GiB
1791397293,civicedge-core-1,2.22%,174.4MiB / 12GiB
1791397293,civicedge-emulator-1,2.26%,37.73MiB / 12GiB
1791397293,civicedge-broker-1,0.80%,8.348MiB / 12GiB
1791397293,civicedge-city-1,0.22%,40.5MiB / 12GiB
1791397293,civicedge-wan-1,0.30%,38.04MiB / 12GiB
1791397293,civicedge-portal-1,0.08%,31.27MiB / 12GiB
1791397299,civicedge-runner-run-c17c06df1c2c,101.20%,29.45MiB / 12GiB
1791397299,civicedge-gateway-1,0.64%,46.06MiB / 12GiB
1791397299,civicedge-core-1,2.17%,175.2MiB / 12GiB
1791397299,civicedge-emulator-1,2.34%,37.49MiB / 12GiB
1791397299,civicedge-broker-1,0.78%,8.277MiB / 12GiB
1791397299,civicedge-city-1,0.09%,40.5MiB / 12GiB
1791397299,civicedge-wan-1,0.08%,38.04MiB / 12GiB
1791397299,civicedge-portal-1,0.07%,31.27MiB / 12GiB
1791397306,civicedge-runner-run-c17c06df1c2c,100.86%,29.45MiB / 12GiB
1791397306,civicedge-gateway-1,0.74%,46.33MiB / 12GiB
1791397306,civicedge-core-1,2.24%,176.4MiB / 12GiB
1791397306,civicedge-emulator-1,2.25%,37.5MiB / 12GiB
1791397306,civicedge-broker-1,0.78%,8.586MiB / 12GiB
1791397306,civicedge-city-1,0.07%,40.5MiB / 12GiB
1791397306,civicedge-wan-1,0.07%,38.04MiB / 12GiB
1791397306,civicedge-portal-1,0.07%,31.27MiB / 12GiB
1791397312,civicedge-runner-run-c17c06df1c2c,99.37%,29.45MiB / 12GiB
1791397312,civicedge-gateway-1,0.66%,46.08MiB / 12GiB
1791397312,civicedge-core-1,2.18%,177.4MiB / 12GiB
1791397312,civicedge-emulator-1,2.29%,37.5MiB / 12GiB
1791397312,civicedge-broker-1,0.78%,8.82MiB / 12GiB
1791397312,civicedge-city-1,0.07%,40.5MiB / 12GiB
1791397312,civicedge-wan-1,0.07%,38.04MiB / 12GiB
1791397312,civicedge-portal-1,0.07%,31.27MiB / 12GiB
1791397318,civicedge-runner-run-c17c06df1c2c,99.86%,29.45MiB / 12GiB
1791397318,civicedge-gateway-1,1.07%,46.09MiB / 12GiB
1791397318,civicedge-core-1,2.65%,178MiB / 12GiB
1791397318,civicedge-emulator-1,2.37%,37.25MiB / 12GiB
1791397318,civicedge-broker-1,0.84%,8.371MiB / 12GiB
1791397318,civicedge-city-1,0.33%,40.5MiB / 12GiB
1791397318,civicedge-wan-1,0.55%,38.29MiB / 12GiB
1791397318,civicedge-portal-1,0.08%,31.27MiB / 12GiB
1791397325,civicedge-runner-run-c17c06df1c2c,100.47%,29.45MiB / 12GiB
1791397325,civicedge-gateway-1,0.69%,46.09MiB / 12GiB
1791397325,civicedge-core-1,2.28%,178.3MiB / 12GiB
1791397325,civicedge-emulator-1,2.39%,37.72MiB / 12GiB
1791397325,civicedge-broker-1,0.83%,8.766MiB / 12GiB
1791397325,civicedge-city-1,0.07%,40.5MiB / 12GiB
1791397325,civicedge-wan-1,0.07%,38.04MiB / 12GiB
1791397325,civicedge-portal-1,0.08%,31.27MiB / 12GiB
1791397331,civicedge-gateway-1,0.69%,46.09MiB / 12GiB
1791397331,civicedge-core-1,2.38%,179.4MiB / 12GiB
1791397331,civicedge-emulator-1,2.56%,37.51MiB / 12GiB
1791397331,civicedge-broker-1,0.85%,8.316MiB / 12GiB
1791397331,civicedge-city-1,0.07%,40.5MiB / 12GiB
1791397331,civicedge-wan-1,0.09%,38.04MiB / 12GiB
1791397331,civicedge-portal-1,0.08%,31.27MiB / 12GiB
